,c√≥digo de videojuegos,genres,title,specs,price,release_year,sentiment_analysis
0,10,0,459,6,9.99,2000,2
1,20,0,2166,6,4.99,1999,0
2,30,0,529,6,4.99,2003,2
3,40,0,563,6,4.99,2001,2
4,50,0,1017,10,4.99,1999,2
5,60,0,1778,6,4.99,2000,0
6,70,0,1008,10,9.99,1998,2
7,80,0,461,10,9.99,2004,1
8,130,0,1016,10,4.99,2001,2
9,220,0,1009,10,9.99,2004,2
10,240,0,463,6,19.99,2004,2
11,280,0,1018,10,9.99,2004,2
12,300,0,530,6,9.99,2010,2
13,320,0,1010,6,4.99,2004,2
14,340,0,1013,10,0.0,2005,0
15,360,0,1015,6,9.99,2006,2
16,380,0,1011,10,7.99,2006,2
17,400,0,1645,10,9.99,2007,2
18,420,0,1012,10,7.99,2007,1
19,500,0,1228,10,19.99,2008,2
20,550,0,1229,10,19.99,2009,2
21,620,0,1646,10,19.99,2011,2
22,730,0,462,6,14.99,2012,2
23,1200,0,1744,6,9.99,2006,1
24,1250,0,1187,10,19.99,2009,2
25,1280,0,522,6,0.0,2009,2
26,1510,7,2467,10,9.99,2006,2
27,1520,7,569,10,9.99,2006,2
28,1670,13,1152,10,4.99,2006,0
29,1900,13,701,10,4.99,2006,2
30,1930,10,2429,10,9.99,2009,2
31,2100,0,512,10,9.99,2006,0
32,2200,0,1699,10,14.99,1999,2
33,2270,0,2564,10,4.99,1994,2
34,2280,0,2439,10,4.99,1995,0
35,2300,0,643,10,4.99,1994,2
36,2310,0,1698,10,4.99,2007,0
37,2400,0,2284,10,9.99,2006,2
38,2420,0,2286,10,9.99,2006,2
39,2450,0,275,10,4.99,2010,1
40,2500,0,1906,10,6.99,2006,2
41,2570,7,2493,10,0.0,2007,0
42,2590,0,92,10,4.99,2007,2
43,2600,0,2473,10,19.99,2004,1
44,2610,0,998,10,19.99,2005,2
45,2620,0,331,10,19.99,2003,2
46,2630,0,332,10,19.99,2005,1
47,2640,0,329,10,19.99,2004,2
48,2700,11,1817,10,19.99,2006,2
49,2820,0,2601,10,15.99,2008,2
50,2870,0,2593,10,29.99,2013,2
51,2990,9,849,10,9.99,2006,0
52,3050,9,2606,10,4.99,2006,2
53,3260,1,1851,10,4.99,2006,2
54,3320,4,1133,10,4.99,2006,2
55,3390,4,813,10,4.99,2006,1
56,3480,4,1594,10,4.99,2007,2
57,3483,4,1595,10,0.0,2007,1
58,3590,13,1629,10,4.99,2009,2
59,3620,0,2639,10,4.99,2009,2
60,3700,0,1970,10,7.99,2005,2
61,3710,0,1173,10,7.99,2005,0
62,3730,0,86,10,4.99,2000,2
63,3800,0,53,10,9.99,2005,2
64,3830,0,1687,10,9.99,2005,2
65,3900,13,1936,10,19.99,2005,2
66,3910,13,1935,10,4.99,2001,2
67,3920,10,1939,10,9.99,2005,0
68,4000,7,919,10,9.99,2006,1
69,4500,0,1847,10,19.99,2007,0
70,4560,0,434,10,19.99,2006,2
71,4570,13,2528,10,12.99,2006,2
72,4580,13,2527,10,12.99,2006,2
73,4700,13,1358,10,19.99,2006,0
74,4720,0,437,10,14.95,2006,2
75,4760,13,1819,10,9.99,2004,2
76,4850,13,456,10,4.99,2002,2
77,4920,0,1458,6,9.99,2012,2
78,6000,0,2055,10,9.99,2005,2
79,6020,0,2050,10,9.99,2003,0
80,6030,0,2052,10,9.99,2003,1
81,6060,0,2043,10,9.99,2005,2
82,6120,0,1912,10,9.99,2010,0
83,6220,9,848,10,7.49,2005,2
84,6310,0,2256,10,9.99,2000,2
85,6370,0,272,10,0.0,2011,2
86,6420,7,1483,10,9.99,2004,2
87,6550,0,603,10,19.99,2006,2
88,6800,0,432,10,4.99,1998,2
89,6830,0,431,10,4.99,2002,2
90,6850,0,1064,10,6.99,2002,0
91,6860,0,1066,10,8.99,2006,2
92,6870,0,214,10,6.99,2007,0
93,6880,0,1176,10,6.99,2006,2
94,6900,0,1067,10,6.99,2000,1
95,6910,0,595,10,6.99,2000,1
96,6980,0,2323,10,8.99,2004,2
97,7000,0,2370,10,6.99,2006,2
98,7020,0,1813,10,9.99,2006,2
99,7200,9,2389,10,29.99,2008,2
100,7510,0,2594,10,9.99,2009,2
101,7520,10,2430,10,19.99,2011,0
102,7660,13,2595,10,4.99,1997,0
103,7670,0,240,10,19.99,2007,2
104,7730,13,2597,10,4.99,1998,2
105,7760,13,2598,10,4.99,1993,2
106,7770,13,2596,10,4.99,2001,0
107,7830,13,1371,10,4.99,2009,0
108,7840,9,561,10,2.99,2009,1
109,7860,0,1466,10,4.99,2009,1
110,7940,0,333,10,19.99,2007,2
111,8000,0,2369,10,8.99,2007,2
112,8080,0,1181,10,6.99,2007,2
113,8170,0,213,10,8.99,2009,0
114,8190,0,1177,10,14.99,2010,2
115,8310,1,282,10,9.99,2005,2
116,8340,1,2099,10,19.99,2008,2
117,8400,4,931,10,3.99,2007,1
118,8500,0,755,6,0.0,2003,0
119,8600,9,1709,10,3.99,2007,1
120,8800,13,403,10,9.99,2007,2
121,8850,0,239,10,19.99,2010,2
122,8870,0,238,10,29.99,2013,2
123,8930,13,1937,10,29.99,2010,2
124,8970,7,181,10,4.99,2010,0
125,8980,0,284,10,19.99,2009,2
126,9050,0,640,10,4.99,2004,2
127,9070,0,641,10,2.99,2005,2
128,9160,0,1343,10,14.99,1995,0
129,9180,0,429,10,4.99,1990,0
130,9200,0,1715,10,9.99,2011,2
131,9350,13,2130,10,14.99,2007,2
132,9420,13,2132,10,14.99,2011,2
133,9450,13,2529,10,12.99,2008,2
134,9480,0,1853,10,9.99,2009,2
135,9500,7,937,10,9.99,2004,2
136,9730,11,2433,10,9.99,2006,1
137,9880,6,373,6,0.0,2009,2
138,9900,6,2042,6,0.0,2010,2
139,9930,9,2181,10,19.99,2011,2
140,9940,0,255,10,2.99,2010,1
141,10090,0,330,10,19.99,2008,2
142,10130,0,2340,10,19.99,2007,2
143,10140,12,14,10,9.99,2006,0
144,10150,0,1686,10,19.99,2009,1
145,10180,0,339,10,19.99,2009,1
146,10220,0,1653,10,11.99,2011,2
147,10500,13,724,10,19.99,2009,2
148,10680,0,87,10,14.99,2010,2
149,11020,9,2388,10,0.0,2008,2
150,11130,1,1922,10,0.0,2008,2
151,11140,1,1921,10,9.99,2008,2
152,11230,4,988,10,2.99,2008,0
153,11240,0,2004,10,4.99,2008,2
154,11260,11,1571,10,7.99,2007,0
155,11280,0,1597,10,5.99,2008,1
156,11330,4,1509,10,4.99,2009,2
157,11340,0,1223,10,4.99,2009,2
158,11360,7,371,10,4.99,2008,2
159,11390,0,466,10,9.99,2009,0
160,11450,10,1567,10,4.99,2007,1
161,11590,11,1077,10,4.99,2007,2
162,11610,0,654,10,0.0,2012,2
163,12100,0,960,10,9.99,2002,1
164,12110,0,964,10,9.99,2003,0
165,12120,0,963,10,14.99,2005,1
166,12130,0,1329,10,9.99,2004,0
167,12140,0,1348,10,9.99,2001,0
168,12150,0,1349,10,9.99,2003,1
169,12160,9,1387,10,9.99,2003,2
170,12200,0,311,10,14.99,2008,2
171,12220,0,962,10,19.99,2010,2
172,12330,0,525,10,9.99,2006,2
173,12360,9,851,10,19.99,2008,2
174,12430,4,1960,10,4.99,2009,0
175,12480,13,29,10,9.99,2009,1
176,12500,4,1694,10,9.99,2007,2
177,12590,9,2031,10,9.99,2008,2
178,12810,10,1565,10,9.99,2009,0
179,12830,0,1539,10,9.99,2009,2
180,12900,7,168,10,9.99,2008,2
181,13210,0,2462,10,19.99,2007,2
182,13230,0,2461,10,14.99,2004,2
183,13250,0,2460,10,9.99,1998,2
184,13500,0,1667,10,9.99,2004,2
185,13520,0,800,10,9.99,2004,2
186,13540,0,2361,10,9.99,2006,1
187,13560,0,2364,10,9.99,2003,2
188,13570,0,2363,10,9.99,2005,1
189,13600,0,1668,10,9.99,2003,2
190,15000,0,2358,10,9.99,2006,2
191,15100,0,154,10,19.99,2008,2
192,15120,0,2362,10,9.99,2008,0
193,15130,0,228,10,9.99,2003,2
194,15170,13,1049,10,9.99,2006,2
195,15200,11,1945,10,9.99,2007,2
196,15300,0,2357,10,9.99,2001,2
197,15320,11,1115,10,9.99,2006,2
198,15390,0,308,10,9.99,2008,0
199,15520,0,40,10,9.99,2009,2
200,15620,13,2521,10,19.99,2009,0
201,15700,1,1513,10,2.99,1997,2
202,15710,1,1512,10,2.99,1998,2
203,15750,0,1515,10,9.99,2010,2
204,16450,0,772,10,14.99,2009,0
205,16600,7,2405,10,9.99,2008,2
206,16710,0,1135,10,1.99,2008,1
207,16720,0,2481,10,4.99,2009,1
208,16810,13,1934,10,19.99,2008,0
209,17080,0,2408,6,0.0,2012,2
210,17100,13,384,10,7.99,2008,2
211,17300,0,490,10,19.99,2007,2
212,17330,0,492,10,19.99,2008,1
213,17390,11,2028,10,19.99,2008,2
214,17410,0,1399,10,19.99,2009,2
215,17430,0,1467,10,9.99,2008,2
216,17440,11,2029,10,19.99,2008,2
217,17450,10,651,10,19.99,2009,2
218,17460,0,1339,10,19.99,2008,2
219,17470,0,551,10,19.99,2008,2
220,17480,13,425,10,19.99,2008,2
221,17570,0,1609,6,0.0,2010,2
222,17580,0,698,6,0.0,2005,2
223,17710,0,1500,6,9.99,2011,2
224,18000,1,1659,10,7.99,2008,2
225,18020,1,1660,10,7.99,2008,2
226,18040,0,564,10,14.99,2010,0
227,18120,0,2464,10,9.99,2012,2
228,18500,7,572,10,9.99,2008,2
229,18700,0,112,10,9.99,2009,0
230,18820,0,2626,10,4.99,2010,1
231,19000,1,1943,10,39.99,2008,1
232,19500,1,747,10,4.99,2008,1
233,19830,0,2359,10,9.99,2003,2
234,19900,0,801,10,9.99,2008,2
235,20500,0,1741,10,19.99,2009,2
236,20510,0,1846,10,9.99,2008,0
237,20530,0,1740,10,9.99,2001,2
238,20540,13,436,10,19.99,2009,1
239,20570,13,2530,10,19.99,2010,1
240,20900,0,2308,10,9.99,2008,0
241,20920,10,2306,10,19.99,2011,2
242,21000,0,1236,10,19.99,2008,2
243,21090,0,771,10,54.99,2005,2
244,21100,0,773,10,19.99,2011,0
245,21660,0,2090,10,19.99,2009,2
246,21690,0,1766,10,19.99,2009,2
247,21780,9,668,10,9.99,2007,2
248,22000,7,2572,10,9.99,2008,2
249,22100,7,1419,10,9.99,2008,2
250,22120,0,1599,10,9.99,2009,2
251,22180,0,1598,10,9.99,2007,2
252,22200,0,2622,10,9.99,2009,2
253,22230,0,1803,10,9.99,2011,0
254,22300,10,791,10,9.99,2008,0
255,22320,10,2213,10,14.99,2002,2
256,22330,10,2214,10,14.99,2007,2
257,22350,0,302,10,0.0,2011,1
258,22370,10,792,10,19.99,2009,2
259,22380,0,796,10,9.99,2010,0
260,22450,0,1092,8,4.99,2011,2
261,22600,13,2583,10,19.99,2010,1
262,22650,0,83,10,9.99,2010,0
263,23310,10,2249,10,9.99,2009,2
264,23450,11,959,6,9.99,2009,1
265,23490,11,2413,10,9.99,2009,2
266,23530,0,703,10,9.99,2011,0
267,24010,11,2394,10,24.99,2009,2
268,24240,0,1593,10,14.99,2011,1
269,24720,0,2030,10,19.99,2009,2
270,24740,9,317,10,19.99,2009,2
271,24780,11,1947,10,19.99,2003,2
272,24790,13,423,10,14.99,2007,1
273,24800,13,426,10,19.99,2009,1
274,24810,13,422,10,19.99,2009,2
275,24840,0,1355,10,9.99,2007,2
276,24870,9,1469,10,19.99,2009,2
277,24960,0,209,10,19.99,2010,2
278,24980,10,1340,10,19.99,2010,2
279,25000,0,1564,10,29.99,2017,2
280,25010,0,1296,10,9.99,2005,0
281,25500,7,474,10,2.99,2009,2
282,25700,7,1305,10,4.99,2009,1
283,25800,13,752,10,14.99,2007,2
284,25830,13,1209,10,9.99,2005,0
285,25890,13,1033,10,9.99,2009,1
286,25900,10,1200,10,6.99,2008,2
287,25910,13,2134,10,9.99,2008,2
288,25980,11,1320,10,9.99,2009,0
289,26500,7,418,10,9.99,2009,2
290,26800,4,293,10,14.99,2009,0
291,26900,4,469,10,19.99,2009,2
292,27020,7,2231,10,4.99,2008,1
293,27940,0,538,10,9.99,2011,0
294,28000,0,1180,10,9.99,2010,0
295,29180,7,1551,10,9.99,2009,2
296,29800,0,356,10,1.99,2009,2
297,31280,4,1637,10,4.99,2010,2
298,31290,1,186,10,19.99,2010,1
299,31860,1,1449,10,6.99,2007,1
300,31930,1,1450,10,6.99,2007,2
301,32200,0,1375,10,9.99,2009,2
302,32330,0,1240,10,19.99,2008,2
303,32340,1,1276,10,5.99,1990,2
304,32350,0,2056,10,5.99,2002,2
305,32370,1,2045,10,9.99,2003,2
306,32380,0,2053,10,5.99,1997,2
307,32390,0,2051,10,2.99,1998,1
308,32400,0,2044,10,5.99,1995,2
309,32420,0,2058,10,19.99,2009,0
310,32430,0,2046,10,19.99,2009,2
311,32440,1,1244,10,19.99,2009,2
312,32470,13,2048,10,19.99,2006,0
313,32500,0,2059,10,19.99,2010,0
314,32630,0,576,10,4.99,1999,1
315,32770,0,1170,10,19.99,2009,2
316,32800,0,1279,10,19.99,2011,0
317,33130,0,2636,10,4.99,2007,2
318,33210,11,528,10,9.99,2009,2
319,33230,0,150,10,19.99,2010,2
320,33460,1,887,10,14.99,2011,2
321,33520,11,2417,10,6.99,2009,0
322,33670,13,616,10,14.99,2010,2
323,33680,7,759,10,4.99,2010,2
324,33900,0,140,10,12.99,2009,2
325,33930,0,141,10,19.99,2010,2
326,33950,4,839,10,4.99,2007,0
327,33980,0,1655,10,9.99,2010,1
328,34010,0,93,10,14.99,2010,2
329,34030,13,1452,10,19.99,2010,2
330,34830,0,1975,10,7.99,2010,0
331,34870,0,1976,10,9.99,2013,2
332,34900,7,188,10,0.99,2009,2
333,35140,0,198,10,19.99,2010,2
334,35420,0,570,10,0.0,2009,2
335,35450,0,1743,6,19.99,2011,2
336,35460,0,2187,10,9.99,2010,0
337,35480,13,692,10,9.99,2011,2
338,35700,0,2411,10,14.99,2009,2
339,35720,0,2409,10,19.99,2013,2
340,36000,0,862,10,4.99,2009,2
341,37400,1,2337,10,4.99,2009,1
342,37600,1,2555,10,2.99,2009,2
343,38210,4,1822,10,1.99,2009,0
344,38400,10,795,10,9.99,1997,0
345,38410,10,790,10,9.99,1998,1
346,38420,13,794,10,9.99,2001,2
347,38460,0,1353,10,9.99,2000,2
348,38600,4,785,10,9.99,2010,1
349,38700,4,2352,10,4.99,2010,2
350,38720,4,1836,10,4.99,2010,2
351,38740,0,710,10,6.99,2011,0
352,39120,6,1782,6,0.0,2013,2
353,39140,10,825,10,11.99,2013,2
354,39150,10,826,10,11.99,2013,2
355,39160,0,684,10,14.99,2011,2
356,39190,10,682,10,6.99,2002,2
357,39200,10,683,10,6.99,2005,2
358,39210,8,828,10,19.99,2014,2
359,39670,0,378,10,4.99,2003,2
360,39680,11,2233,10,9.99,2010,0
361,39690,10,134,10,19.99,2010,1
362,39800,0,1457,10,1.99,2010,2
363,40100,13,2131,10,12.99,2010,0
364,40330,1,1884,10,9.99,2009,1
365,40380,9,1446,10,4.99,2010,1
366,40390,10,1789,10,9.99,2012,2
367,40400,7,72,10,9.99,2009,2
368,40700,1,1301,10,9.99,2009,2
369,40800,7,2119,10,14.99,2010,2
370,40930,1,2262,10,4.99,2010,2
371,40950,11,2103,10,5.99,2001,2
372,40970,11,2102,10,9.99,2002,2
373,41000,0,1900,10,14.99,2009,0
374,41050,0,1896,10,9.99,2001,2
375,41060,0,1897,10,9.99,2002,1
376,41100,0,1021,10,4.99,2009,2
377,41300,0,95,10,0.0,2009,2
378,41500,10,2371,10,14.99,2009,1
379,41600,0,704,10,19.99,1999,1
380,41700,0,1845,10,19.99,2010,2
381,41740,0,350,10,9.99,2011,2
382,41800,7,968,10,14.99,2009,2
383,42120,0,1226,6,9.99,2010,0
384,42170,0,1213,10,14.99,2012,1
385,42700,0,335,10,39.99,2010,2
386,42890,13,2146,10,9.99,2008,2
387,42910,0,1314,10,9.99,2011,1
388,42920,13,2248,10,9.99,2010,0
389,42960,13,2491,10,19.99,2010,0
390,42990,13,2145,6,19.99,2012,2
391,43000,0,889,10,9.99,2010,2
392,43500,11,1299,10,9.99,2010,0
393,44200,7,907,10,9.99,2010,0
394,44350,9,976,10,29.99,2013,2
395,45000,7,1983,10,9.99,2010,1
396,45100,4,1885,10,4.99,2010,2
397,45300,11,2557,10,9.99,2009,2
398,45400,7,867,10,0.99,2010,2
399,45700,0,602,10,19.99,2008,0
400,45710,0,518,10,9.99,2010,0
401,45730,0,519,10,4.99,2010,2
402,45740,0,548,10,19.99,2010,2
403,45760,0,2443,10,29.99,2014,2
404,45770,0,545,10,19.99,2011,0
405,46280,10,2061,10,3.99,2010,2
406,46350,13,1730,10,3.99,2010,2
407,46440,13,897,10,4.99,2010,1
408,46540,0,2401,10,4.99,2011,0
409,46770,7,1325,10,14.99,2010,2
410,47400,11,2100,10,29.99,2012,0
411,47410,6,2104,6,0.0,2012,2
412,47700,13,424,10,19.99,2010,2
413,47780,0,552,10,19.99,2011,2
414,47790,0,1356,10,19.99,2010,2
415,47800,13,1793,10,9.99,2011,2
416,47810,10,652,10,29.99,2010,0
417,47870,9,1468,10,19.99,2010,2
418,47890,11,2291,10,19.99,2009,2
419,47920,9,1923,10,19.99,2011,0
420,48000,1,1264,10,9.99,2011,2
421,48110,11,1944,10,9.99,2010,1
422,48190,0,155,10,19.99,2011,1
423,48700,0,1420,10,19.99,2010,2
424,48720,0,1421,10,9.99,2011,2
425,48800,11,1924,10,19.99,2010,2
426,48950,13,972,10,9.99,2010,0
427,49470,13,1311,10,19.99,2011,2
428,49520,0,285,10,19.99,2012,2
429,49600,0,219,10,9.99,2010,2
430,49800,0,854,10,4.99,2010,2
431,50130,0,1306,10,29.99,2011,2
432,50300,0,2013,10,29.99,2012,2
433,50510,0,316,10,9.99,2010,2
434,50620,0,524,10,19.99,2010,0
435,51100,0,2154,6,0.0,2013,2
436,55040,7,166,10,9.99,2011,2
437,55100,0,1072,10,19.99,2011,2
438,55110,0,1742,10,19.99,2011,2
439,55140,9,1433,10,19.99,2010,2
440,55150,0,2524,10,29.99,2011,2
441,55230,0,1857,10,9.99,2011,2
442,55370,0,1858,10,0.0,2011,2
443,57000,0,1504,10,2.99,2010,2
444,57300,0,102,10,19.99,2010,0
445,57600,13,2414,10,9.99,2010,2
446,57640,1,306,10,5.99,2010,2
447,57690,11,2415,10,14.99,2011,2
448,57740,10,1160,10,19.99,2012,0
449,57900,0,676,10,19.99,2011,2
450,58610,13,2519,10,9.99,2012,0
451,60800,10,1502,10,7.99,2010,2
452,61100,7,1292,10,4.99,2011,0
453,61310,7,873,10,6.99,2011,2
454,61600,7,2621,10,4.99,2010,2
455,61730,0,478,10,6.99,2012,2
456,62100,4,385,10,4.99,2010,2
457,63200,0,1406,10,4.99,2011,1
458,63380,0,1972,10,19.99,2012,2
459,63500,0,2148,10,9.99,2010,2
460,63610,1,1796,10,5.99,1997,2
461,63660,1,1442,10,5.99,2011,2
462,63700,0,245,10,9.99,2010,2
463,63710,0,249,10,9.99,2011,2
464,63800,1,577,10,4.99,2010,2
465,63940,13,1370,10,7.99,2011,0
466,64000,13,1368,10,9.99,2011,1
467,65300,0,690,10,9.99,2012,2
468,65560,0,1573,10,4.99,2011,0
469,65730,11,2156,10,19.99,2011,1
470,65740,0,353,10,32.99,2012,2
471,65780,0,145,10,9.99,2011,2
472,65790,0,144,10,4.99,2011,2
473,65800,0,677,10,14.99,2011,2
474,65930,0,2197,10,19.99,2013,2
475,65980,13,1938,10,39.99,2014,1
476,67370,0,2206,10,29.99,2012,2
477,70000,0,613,6,9.99,2011,1
478,70100,11,1002,10,4.99,2010,2
479,70300,0,2506,10,4.99,2010,2
480,70400,10,1738,10,19.99,2010,2
481,70600,13,2585,10,14.99,2011,0
482,70620,12,2582,10,9.99,2011,2
483,70640,13,2578,10,7.99,1995,0
484,70650,4,2580,10,7.99,2002,0
485,71000,0,763,10,19.99,2012,2
486,71230,0,470,10,7.99,2011,1
487,71340,0,1989,10,19.99,2011,2
488,72000,7,411,10,9.99,2012,2
489,72200,4,2458,10,0.0,2011,2
490,72900,1,2560,10,4.99,2010,2
491,73010,11,397,10,19.99,2011,2
492,73020,13,1321,10,19.99,2011,2
493,73170,13,521,10,9.99,2011,2
494,73220,13,2136,10,9.99,2011,2
495,78000,13,223,10,4.99,2010,0
496,80310,1,926,10,9.99,2011,2
497,91200,0,122,10,9.99,2011,0
498,91330,0,1149,10,14.99,2012,0
499,91600,0,1864,10,9.99,2011,1
500,91700,0,699,10,9.99,2011,2
501,91800,4,410,10,4.99,2011,2
502,91900,0,1650,10,9.99,2011,2
503,92000,0,1094,10,4.99,2011,2
504,92100,7,594,10,4.99,2011,2
505,92300,0,38,10,4.99,2011,1
506,92700,0,1903,10,9.99,2011,0
507,92800,7,2006,10,9.99,2011,1
508,93200,0,1773,10,9.99,2011,2
509,94000,7,612,10,3.99,2011,0
510,94200,0,1163,10,9.99,2011,2
511,94300,1,2212,10,3.99,2012,2
512,94400,0,1484,10,9.99,2014,2
513,94590,1,1692,10,9.99,2011,0
514,95300,0,346,10,9.99,2011,2
515,95400,0,1107,6,11.99,2014,2
516,96000,1,2299,10,4.99,2011,2
517,96100,0,575,10,1.99,2016,0
518,96200,0,2076,10,14.99,2011,1
519,96800,0,1482,10,9.99,2012,2
520,97000,7,1984,10,9.99,2011,2
521,97100,0,1889,10,9.99,2011,2
522,97330,13,1312,10,9.99,2012,2
523,98200,7,892,10,24.99,2011,2
524,98300,0,2386,10,9.99,2012,2
525,98400,0,1024,10,14.99,2012,2
526,98500,0,1461,10,2.99,2011,2
527,98600,0,582,10,5.99,2011,0
528,98800,4,688,10,4.99,2011,0
529,99100,0,687,10,14.99,2011,0
530,99300,0,1754,10,15.0,2011,2
531,99400,0,920,10,4.99,2011,0
532,99700,4,1486,10,9.99,2011,2
533,99900,0,2020,10,0.0,2011,2
534,99910,1,1693,10,0.0,2011,2
535,102500,0,1197,10,19.99,2012,2
536,102600,0,1542,10,9.99,2011,1
537,102700,0,39,6,0.0,2011,0
538,102840,0,1913,10,9.99,2012,1
539,102850,0,2535,10,9.99,2012,2
540,104000,7,1108,10,4.99,2011,2
541,104200,1,221,10,1.99,2011,0
542,104700,6,2120,6,0.0,2012,1
543,104900,0,1549,10,0.99,2013,2
544,105000,1,33,10,9.99,2012,0
545,105100,1,1297,10,5.99,2011,2
546,105300,4,477,10,1.99,2011,2
547,105420,0,1426,10,9.99,2013,2
548,105450,11,69,10,39.99,2009,1
549,105600,0,2176,10,9.99,2011,1
550,105800,0,1619,10,9.99,2012,1
551,107100,0,196,10,14.99,2011,2
552,107200,0,2002,10,9.99,2011,2
553,107310,7,495,10,2.99,2011,1
554,107410,0,142,10,39.99,2013,2
555,107800,0,1802,10,9.99,2011,2
556,108200,4,2332,10,9.99,2012,2
557,108500,0,2488,10,19.99,2012,2
558,108600,7,1681,10,14.99,2013,2
559,108710,0,80,10,9.99,2012,2
560,108800,0,491,10,29.99,2011,2
561,109600,0,1478,6,0.0,2013,2
562,110800,1,1216,10,19.99,2011,0
563,111400,0,312,10,4.99,2011,0
564,111600,0,1899,10,9.99,2011,0
565,111800,4,266,10,4.99,2011,2
566,111900,0,984,10,19.99,2013,0
567,113020,0,1405,10,14.99,2013,2
568,113200,0,2191,10,4.99,2011,2
569,113400,0,129,6,0.0,2011,2
570,113420,6,788,6,0.0,2011,2
571,115100,1,457,10,9.99,2011,2
572,115320,0,1685,10,39.99,2012,2
573,200010,4,1701,10,8.99,2012,2
574,200050,13,1460,10,19.99,2012,0
575,200150,4,203,10,29.99,2015,2
576,200170,13,2584,10,14.99,2012,1
577,200210,0,1732,6,0.0,2012,2
578,200230,9,1519,10,4.99,2011,2
579,200260,0,199,10,19.99,2012,1
580,200510,13,2602,10,29.99,2012,2
581,200710,0,2372,10,19.99,2012,2
582,200910,7,222,10,4.99,2011,2
583,201210,6,1656,10,0.0,2014,2
584,201230,6,758,6,0.0,2011,2
585,201310,0,2600,10,9.99,2011,0
586,201420,1,2353,10,14.99,2013,2
587,201480,0,1901,10,4.99,2011,1
588,201510,9,850,10,9.99,2011,0
589,201570,0,1731,10,4.99,2012,1
590,201790,0,1543,10,14.99,2012,2
591,201810,0,2565,10,19.99,2014,1
592,202130,13,1119,10,19.99,2013,0
593,202170,0,1961,10,74.76,0,2
594,202200,13,902,10,19.99,2011,2
595,202310,9,1780,10,9.99,2012,2
596,202750,0,81,10,9.99,2012,2
597,202970,0,336,10,59.99,2012,2
598,203140,0,1065,10,19.99,2012,2
599,203160,0,2367,10,19.99,2013,2
600,203210,0,2348,10,9.99,2012,2
601,203290,0,100,10,0.0,2015,2
602,203350,10,1201,10,9.99,2012,2
603,203630,13,2531,10,24.99,2012,2
604,203650,1,1991,10,9.99,2012,2
605,203750,0,235,10,14.99,2012,2
606,203770,10,484,10,39.99,2012,1
607,203830,1,2205,10,19.99,2012,2
608,204030,0,778,10,9.99,2011,2
609,204060,1,2127,10,7.99,2012,1
610,204080,0,2289,6,9.99,2013,0
611,204100,0,1350,10,19.99,2012,2
612,204180,1,2539,10,1.99,2012,2
613,204240,4,2196,10,9.99,2013,2
614,204300,0,180,10,0.0,2012,2
615,204340,0,1895,10,9.99,2005,1
616,204360,0,358,10,14.99,2012,2
617,204450,0,340,10,14.99,2013,1
618,204530,0,1126,10,14.99,2014,2
619,204630,0,1769,10,14.99,2014,0
620,204880,7,1950,10,39.99,2012,2
621,205060,0,246,10,9.99,2012,0
622,205080,0,247,10,9.99,2013,0
623,205100,0,617,10,9.99,2012,2
624,205230,0,1041,10,14.99,2012,2
625,205610,0,1644,10,14.99,2012,2
626,205650,1,2298,10,19.99,2012,2
627,205710,6,757,5,0.0,2012,2
628,205730,0,1132,10,14.99,2012,0
629,205870,7,171,10,6.99,2012,1
630,205890,1,390,10,0.0,2016,2
631,205910,7,2342,10,9.99,2012,2
632,205950,0,1168,10,7.99,2012,1
633,205990,13,2532,10,19.99,2014,2
634,206190,0,993,10,9.99,2013,2
635,206210,0,955,6,0.0,2012,0
636,206420,0,1854,10,14.99,2013,2
637,206440,1,2350,10,9.99,2011,2
638,206500,0,74,10,0.0,2012,0
639,206610,4,17,10,9.99,2012,2
640,206690,4,1109,10,4.99,2012,2
641,207080,7,1122,10,9.99,2012,2
642,207140,0,2015,10,14.99,2016,1
643,207170,1,1231,10,14.99,2012,1
644,207230,0,136,6,0.0,2014,1
645,207250,7,497,10,3.99,2012,2
646,207350,0,2618,10,19.99,2012,2
647,207400,0,767,10,5.99,2012,2
648,207420,0,2562,10,2.99,2012,2
649,207430,4,1001,10,6.99,2012,2
650,207490,0,1726,10,19.99,2012,2
651,207570,7,733,10,4.99,2011,0
652,207610,1,2302,10,24.99,2012,0
653,207690,1,291,10,9.99,2012,2
654,207730,0,137,10,3.99,2012,2
655,207750,0,2150,10,8.99,2012,2
656,207790,11,1164,10,9.99,2012,2
657,207930,0,1850,10,9.99,2013,2
658,208090,0,1270,6,0.0,2014,2
659,208140,13,730,10,19.99,2012,2
660,208200,0,642,10,19.99,2012,2
661,208460,0,2422,10,14.99,2012,0
662,208480,1,157,10,19.99,2012,2
663,208500,9,774,10,19.99,2012,2
664,208520,11,1524,10,14.99,2013,2
665,208580,10,2054,10,9.99,2005,2
666,208650,0,200,10,19.99,2015,2
667,208670,0,257,10,9.99,2012,0
668,208730,0,909,10,14.99,2012,1
669,208750,0,132,10,14.99,2015,0
670,209000,0,201,10,19.99,2013,2
671,209060,0,670,10,14.99,2014,2
672,209080,0,995,6,4.99,2012,0
673,209100,0,1765,10,29.99,2012,0
674,209120,0,2089,10,29.99,2012,2
675,209160,0,338,10,59.99,2014,2
676,209270,7,1043,10,4.99,2012,1
677,209360,0,88,10,4.99,2012,2
678,209370,7,109,10,9.99,2012,2
679,209520,4,1395,10,4.99,2013,2
680,209540,0,2095,10,19.99,2013,2
681,209630,0,1317,10,9.99,2013,2
682,209650,0,334,10,59.99,2014,2
683,209670,0,451,10,19.99,2012,0
684,209690,13,816,10,4.99,2012,1
685,209730,0,1705,10,14.99,2012,2
686,209790,7,2024,10,9.99,2012,1
687,209830,0,1274,10,14.99,2012,2
688,209870,0,254,6,0.0,2012,2
689,210170,0,2023,10,3.99,2012,2
690,210550,4,114,10,4.99,2013,2
691,210770,0,1865,10,14.99,2013,2
692,210870,7,412,10,9.99,2013,2
693,210970,1,2310,10,39.99,2016,2
694,211160,0,2494,10,14.99,2012,0
695,211180,1,2459,10,9.99,2012,2
696,211260,0,2319,10,9.99,2012,0
697,211280,0,1665,10,9.99,2013,0
698,211400,0,556,10,14.99,2012,1
699,211420,0,517,10,19.99,2012,1
700,211440,7,60,10,4.99,2012,0
701,211500,6,1712,10,160.91,2013,1
702,211600,0,2324,10,6.99,1998,2
703,211740,0,2325,10,6.99,2000,2
704,211780,0,438,10,6.99,2002,2
705,211820,0,2062,10,14.99,2016,2
706,212010,0,905,10,7.99,2012,2
707,212030,0,1214,10,9.99,2012,2
708,212070,0,2040,6,0.0,2013,0
709,212160,0,2496,10,0.0,2012,2
710,212200,0,1300,10,0.0,2012,2
711,212410,0,1145,10,9.99,2012,2
712,212480,9,1987,10,19.99,2013,2
713,212500,6,2257,5,0.0,2012,1
714,212630,0,2356,10,19.99,2012,0
715,212680,7,893,10,9.99,2012,0
716,212700,0,1589,10,5.99,2012,0
717,212800,0,2114,10,0.0,2010,2
718,213330,0,1238,10,19.99,2012,0
719,213610,0,1988,10,9.99,2012,2
720,213650,4,691,10,0.0,2012,0
721,213670,0,1996,10,29.99,2014,1
722,213850,13,1307,10,9.99,2013,1
723,214130,7,62,10,9.99,2012,1
724,214190,0,1396,6,0.0,2014,2
725,214250,0,1103,10,14.99,2012,0
726,214340,1,585,10,9.99,2012,0
727,214420,0,924,6,0.0,2015,2
728,214490,0,85,10,39.99,2014,1
729,214510,0,1237,10,19.99,2012,2
730,214560,0,1334,10,14.99,2012,1
731,214610,1,380,10,7.99,2012,2
732,214630,0,328,10,39.99,2012,1
733,214700,1,2327,10,4.99,2012,1
734,214770,0,982,10,14.99,2013,1
735,214790,1,2189,10,3.99,2012,2
736,214830,0,1006,10,9.99,2012,2
737,214870,0,1572,10,19.99,2012,1
738,214950,13,2379,10,59.95,2013,2
739,214970,0,1143,10,9.99,2012,2
740,215080,1,2507,6,0.0,2014,2
741,215100,6,1718,10,0.0,2003,1
742,215280,0,1887,6,0.0,2017,2
743,215470,0,1663,6,7.99,2012,0
744,215510,1,1806,10,4.99,2012,1
745,215530,0,2237,10,14.99,2013,1
746,215630,0,583,10,9.99,2013,2
747,215670,1,1071,10,2.99,2012,2
748,215690,0,2623,10,14.99,2013,2
749,215710,0,817,10,9.99,2013,2
750,216110,0,2345,10,4.99,2012,2
751,216150,4,1330,10,0.0,2012,2
752,216260,7,635,10,39.99,2014,2
753,216890,12,270,10,14.99,2012,0
754,216910,0,1518,10,14.99,2012,2
755,217100,0,579,10,4.99,2013,0
756,217140,0,1787,10,14.99,2013,1
757,217200,13,2579,10,14.99,1999,1
758,217690,1,117,10,9.99,2013,1
759,217920,0,84,10,19.99,2013,0
760,218040,7,580,10,19.99,2007,2
761,218060,0,248,10,14.99,2013,2
762,218130,0,686,10,0.0,2013,2
763,218230,0,1627,6,0.0,2012,0
764,218410,7,571,10,14.99,2012,2
765,218640,0,1294,10,9.99,2012,2
766,218680,1,1881,10,19.99,2012,2
767,218740,1,1605,10,9.99,2012,2
768,218820,0,1372,10,19.99,2014,2
769,219150,0,1078,10,9.99,2012,2
770,219190,0,2444,10,9.99,2013,2
771,219640,0,386,6,24.99,2012,2
772,219680,1,1683,10,9.99,2013,0
773,219700,6,632,6,0.0,2014,1
774,219830,0,1191,10,9.99,2013,2
775,219890,1,127,10,19.99,2013,2
776,219910,1,712,10,19.99,2012,2
777,219990,0,978,10,24.99,2016,2
778,220090,1,2242,10,8.99,2013,1
779,220160,0,2406,10,19.99,2013,2
780,220200,7,1183,10,39.99,2015,2
781,220240,0,798,10,19.99,2012,2
782,220260,4,806,10,19.99,2013,1
783,220440,0,631,10,29.99,2013,0
784,220460,0,349,10,4.99,2012,2
785,220660,7,2064,10,29.99,2013,0
786,220700,5,1827,12,69.99,2012,2
787,220740,1,375,10,19.99,2012,1
788,220780,7,2330,10,9.99,2012,2
789,220820,0,2632,10,9.99,2012,1
790,220860,0,1352,10,4.99,2012,2
791,220900,0,1159,10,4.99,2013,1
792,221020,7,2384,10,14.99,2012,1
793,221040,0,1762,10,29.99,2013,2
794,221100,0,535,6,34.99,2013,2
795,221180,7,748,10,14.99,2014,2
796,221260,1,1269,10,9.99,2012,2
797,221380,13,67,10,19.99,2013,1
798,221540,7,606,10,14.99,2014,2
799,221640,0,2116,10,2.99,2012,2
800,221680,4,1808,10,39.99,2016,2
801,221810,1,2199,10,14.99,2013,2
802,221910,1,2294,10,14.99,2013,1
803,222140,0,1688,10,7.99,2012,2
804,222420,0,2246,10,14.99,2014,1
805,222440,0,2245,10,14.99,2015,1
806,222480,0,1763,10,29.99,2013,0
807,222520,6,372,5,0.0,2013,2
808,222660,0,1770,10,9.99,2013,2
809,222730,7,1771,10,9.99,2013,2
810,222750,13,2518,10,19.99,2013,0
811,222880,0,1137,6,9.99,2014,2
812,222940,0,2247,10,19.99,2013,2
813,222980,0,543,10,2.99,2012,1
814,223430,0,1393,10,9.99,2012,2
815,223470,0,1652,10,9.99,2003,2
816,223510,0,1384,10,14.99,2012,2
817,223710,0,487,10,0.0,2013,1
818,223810,0,2617,10,14.99,2013,1
819,223830,7,2604,10,24.99,2014,2
820,223850,14,15,11,29.99,0,2
821,224260,0,1490,6,0.0,2011,2
822,224460,1,445,10,9.99,2013,2
823,224480,0,1511,10,14.99,2014,2
824,224500,7,940,10,14.99,2016,2
825,224540,0,47,6,14.99,2012,0
826,224580,0,143,6,49.99,2013,2
827,224600,0,574,6,0.0,2014,2
828,224760,7,815,10,9.99,2013,2
829,224820,0,2117,10,6.99,2013,0
830,224900,0,1150,10,19.99,2012,2
831,224960,0,2368,10,6.99,2012,2
832,225080,0,307,10,14.99,2013,2
833,225160,0,1905,10,9.99,1997,2
834,225260,0,309,10,14.99,2013,2
835,225280,0,894,10,12.99,2014,2
836,225360,0,511,10,9.99,2013,2
837,225420,11,398,10,19.99,2013,0
838,225540,0,1178,10,49.99,2015,2
839,225600,0,256,6,4.99,2014,2
840,225640,10,1848,10,14.99,2012,2
841,225840,0,2143,6,0.0,1999,2
842,226560,1,743,10,14.99,2014,2
843,226580,9,775,10,29.99,2014,2
844,226620,1,589,10,14.99,2013,1
845,226720,0,1286,10,24.99,2013,2
846,226740,1,1407,10,9.99,2013,2
847,226860,7,901,10,29.99,2015,2
848,226960,4,1154,10,14.99,2013,2
849,227020,11,1788,10,19.99,2013,0
850,227080,1,1583,10,14.99,2013,2
851,227100,0,1973,10,14.99,2013,0
852,227160,0,1190,10,19.99,2014,1
853,227180,6,1193,10,19.98,2013,2
854,227200,0,2508,10,9.99,2012,2
855,227220,0,1866,10,0.0,2013,2
856,227300,7,751,10,19.99,2013,2
857,227480,0,945,10,9.99,2013,2
858,227560,0,1877,10,7.99,2014,2
859,227580,0,2,10,4.99,2013,2
860,227600,1,360,10,14.99,2013,2
861,227780,0,1898,10,9.99,2014,1
862,227860,7,361,10,24.99,2017,2
863,227940,0,1048,6,0.0,2016,0
864,228260,7,789,10,24.99,2013,2
865,228280,10,189,10,19.99,2013,2
866,228300,0,1753,10,29.99,2013,2
867,228380,0,1481,10,39.99,2014,2
868,228400,0,46,10,19.99,2013,2
869,228440,7,498,10,7.99,2013,2
870,228760,9,2390,10,19.99,2011,0
871,228960,7,1955,10,9.99,2013,2
872,229580,1,662,10,8.99,2015,0
873,229870,0,1926,6,19.99,2013,1
874,230050,7,630,10,2.99,2013,1
875,230070,7,2185,10,29.99,2015,2
876,230190,7,2510,10,29.99,2015,1
877,230230,1,628,10,39.99,2014,2
878,230270,0,1445,10,14.99,2016,1
879,230310,0,78,10,0.0,2014,2
880,230410,0,2517,10,0.0,2013,2
881,230650,7,1280,10,14.99,2013,0
882,230700,0,1217,10,14.99,2013,0
883,230840,0,533,10,9.99,2014,2
884,230980,1,2068,10,5.99,2013,1
885,231040,0,220,10,9.99,2013,2
886,231060,6,1719,10,0.0,2013,1
887,231140,11,399,10,9.99,2013,1
888,231160,0,2296,10,14.99,2013,1
889,231310,1,1398,10,14.99,2013,1
890,231430,13,435,10,19.99,2013,2
891,231740,7,1210,10,9.99,2013,0
892,231910,0,1248,10,0.0,2013,0
893,232010,7,750,10,4.99,2008,1
894,232050,7,700,10,19.99,2013,2
895,232090,0,1188,10,29.99,2016,2
896,232430,1,952,10,14.99,2013,2
897,232750,0,1336,10,14.99,2013,0
898,232770,0,1651,10,1.99,1997,0
899,232790,1,304,10,19.99,2014,2
900,232890,11,2101,10,49.99,2014,0
901,232910,9,2391,10,9.99,2013,2
902,232950,11,300,10,19.99,2013,2
903,232970,0,2331,10,9.99,2013,2
904,233110,7,573,10,14.99,2013,0
905,233130,0,1904,10,39.99,2013,0
906,233150,0,1295,10,9.99,2014,2
907,233190,0,820,10,9.99,2013,2
908,233270,0,799,10,14.99,2013,0
909,233290,0,1431,10,29.99,2014,2
910,233310,7,174,10,9.99,2013,2
911,233350,0,2108,10,5.99,2005,2
912,233370,1,2277,10,24.99,2013,2
913,233450,7,1672,10,29.99,2015,2
914,233470,1,764,10,9.99,2013,2
915,233550,0,124,10,9.99,2013,2
916,233700,4,2147,10,12.99,0,2
917,233720,0,2138,10,9.99,2013,2
918,233740,7,1545,10,4.99,2013,2
919,233840,13,2581,10,24.99,2013,2
920,233980,0,2452,10,12.99,2014,2
921,234080,0,364,10,29.99,2013,2
922,234140,0,1304,10,19.99,2015,0
923,234160,0,2094,10,6.99,2013,0
924,234190,0,1737,10,4.99,2013,2
925,234330,4,1337,10,0.0,2013,2
926,234390,0,2170,10,12.99,2013,1
927,234490,0,1837,10,9.99,2013,2
928,234650,1,1908,10,14.99,2013,2
929,234670,0,1454,10,19.99,2013,2
930,234710,4,1636,10,4.99,2013,2
931,234920,1,696,10,14.99,2015,2
932,235070,0,187,10,4.99,2013,1
933,235210,0,2092,10,14.99,2014,2
934,235250,4,2123,10,4.99,2013,0
935,235360,4,1666,10,9.99,2013,1
936,235460,0,1376,10,29.99,2014,2
937,235540,0,2526,10,29.99,2015,2
938,235600,0,2365,10,29.99,2013,2
939,235800,7,169,10,14.99,2015,2
940,235980,4,2182,10,9.99,2013,2
941,236090,0,689,10,14.99,2013,2
942,236110,0,679,10,0.0,2017,0
943,236150,0,2067,10,34.99,2014,2
944,236370,0,1140,10,9.99,2013,2
945,236430,0,514,10,39.99,2014,2
946,236450,0,1570,10,9.99,2013,2
947,236690,12,269,10,19.99,2015,0
948,236730,0,121,10,14.99,2013,2
949,236790,4,71,10,9.99,2013,2
950,236850,11,753,10,39.99,2013,1
951,236870,0,1069,10,0.0,2016,2
952,237110,0,1415,10,19.99,2013,1
953,237310,0,720,10,0.0,2014,0
954,237370,3,1632,11,39.99,2013,2
955,237590,0,1706,0,9.99,2013,2
956,237630,0,673,10,14.99,2013,2
957,237740,0,115,10,4.99,2013,2
958,237760,0,1138,10,9.99,2013,0
959,237850,1,664,10,24.99,2017,2
960,237870,0,1622,10,14.99,2016,2
961,237890,1,64,10,14.99,2014,2
962,237930,0,2398,10,19.99,2014,2
963,237950,7,2436,10,6.99,2007,1
964,237970,1,1364,10,24.99,2014,0
965,237990,7,2188,10,19.99,2014,2
966,238010,0,596,10,19.99,2013,2
967,238090,0,1971,10,29.99,2014,2
968,238210,0,2151,10,9.99,1999,2
969,238240,0,711,10,14.99,2015,2
970,238260,6,1607,10,0.0,2013,2
971,238320,0,1559,10,19.99,2013,2
972,238370,0,1315,10,14.99,2015,1
973,238430,0,440,10,9.99,2013,0
974,238460,0,207,10,14.99,2014,2
975,238750,10,1389,10,24.99,2014,2
976,238910,7,236,10,9.99,2013,2
977,239030,1,1582,10,9.99,2013,2
978,239070,0,1022,10,9.99,2013,0
979,239120,10,821,10,15.99,2014,2
980,239140,0,693,10,39.99,2015,2
981,239160,0,2321,10,29.99,2014,1
982,239200,0,101,10,19.99,2013,2
983,239250,0,363,10,39.99,2014,0
984,239350,7,2017,10,14.99,2013,2
985,239660,0,1985,6,0.0,2013,2
986,239700,7,1029,10,9.99,2013,2
987,239720,0,1569,10,19.99,2013,2
988,239800,0,260,10,4.99,2013,2
989,239820,4,908,10,9.99,2013,2
990,239840,7,553,10,19.99,2014,2
991,240440,0,1697,10,19.99,2016,2
992,240600,9,1418,10,9.99,2013,2
993,240620,0,2509,10,9.99,2015,2
994,240760,1,2537,10,39.99,2014,2
995,240970,0,1007,10,9.99,2014,2
996,241240,4,444,10,7.99,2014,2
997,241260,1,1920,10,29.99,2014,0
998,241320,1,1158,10,9.99,2013,1
999,241410,0,362,10,9.99,2013,2
1000,241540,0,2072,10,13.98,2013,1
1001,241560,0,2203,10,29.99,2014,2
1002,241600,0,1811,10,14.99,2013,2
1003,241720,0,990,10,14.99,2013,2
1004,241910,1,953,10,19.99,2013,2
1005,241930,0,1386,10,19.99,2014,2
1006,242050,0,158,10,19.99,2013,2
1007,242130,0,2477,10,24.99,2015,0
1008,242550,0,1725,10,29.99,2013,2
1009,242570,7,2000,10,24.99,2013,1
1010,242590,0,1855,10,0.0,2013,2
1011,242640,0,2105,10,29.99,2014,2
1012,242680,0,1501,10,11.99,2015,1
1013,242700,0,1130,10,19.99,2013,2
1014,242720,0,997,6,0.0,2014,2
1015,242760,0,2226,10,14.99,2014,0
1016,242780,1,417,10,14.99,2013,2
1017,242800,0,532,10,2.99,2013,0
1018,242820,0,6,10,4.99,2013,0
1019,242860,0,2484,6,24.99,2015,0
1020,242880,0,1951,10,19.99,2013,2
1021,242920,7,192,10,19.99,2014,2
1022,242940,10,108,10,6.99,2001,2
1023,242980,0,507,10,6.99,2000,2
1024,243200,1,1365,10,19.99,2013,2
1025,243280,0,1657,10,6.99,2013,2
1026,243360,9,2392,10,19.99,2013,2
1027,243450,0,2468,10,6.99,2013,2
1028,243470,0,2538,10,29.99,2014,0
1029,243780,13,1620,10,9.99,2013,0
1030,243800,0,921,10,24.99,2013,2
1031,243950,0,627,10,39.99,2013,2
1032,243970,0,1147,10,19.99,2015,2
1033,244050,6,1785,10,0.0,2013,0
1034,244160,11,1073,10,34.99,2015,2
1035,244410,7,2133,10,12.99,2014,1
1036,244450,0,1369,10,29.99,2014,2
1037,244590,0,740,10,0.0,2014,0
1038,244630,0,1474,6,0.0,2014,2
1039,244710,1,1917,10,9.99,2013,2
1040,244730,0,625,10,4.99,2013,1
1041,244770,0,2066,10,14.99,2014,0
1042,244810,0,871,10,14.99,2013,1
1043,244870,0,716,10,7.99,2013,2
1044,244890,0,2480,10,9.99,2013,2
1045,244930,6,1978,10,0.0,2013,2
1046,245150,1,2269,10,14.99,2013,0
1047,245170,0,1954,10,9.99,2013,0
1048,245280,0,735,10,19.99,2013,2
1049,245390,1,1106,10,5.99,1996,1
1050,245470,7,581,10,24.99,2013,1
1051,245490,9,2407,10,19.99,2014,2
1052,245620,10,2416,10,19.99,2014,2
1053,246070,1,1000,10,13.37,2014,1
1054,246090,7,2005,10,9.99,2014,0
1055,246110,7,1342,10,19.99,2015,1
1056,246420,0,1192,10,9.99,2014,2
1057,246580,0,2300,10,19.99,2013,0
1058,246620,4,1621,10,14.99,2016,0
1059,246700,0,2097,10,11.99,2014,1
1060,246840,0,809,10,7.99,2005,2
1061,246940,7,1281,10,29.99,2014,2
1062,247000,7,2162,10,7.99,2014,2
1063,247020,0,448,10,9.99,2013,0
1064,247080,0,488,10,14.99,2015,0
1065,247120,0,1647,10,0.0,2013,0
1066,247140,4,1995,10,7.99,2013,2
1067,247240,0,2502,10,9.99,2013,2
1068,247430,0,1068,10,6.99,2004,1
1069,247580,0,1316,10,4.99,2013,0
1070,247660,0,557,10,24.99,2013,0
1071,247730,0,1476,10,4.99,2014,1
1072,247910,0,1974,10,14.99,2013,1
1073,247950,0,1849,10,14.99,2014,2
1074,248170,2,409,10,99.99,2013,0
1075,248310,0,883,10,14.99,2014,2
1076,248350,0,1523,6,9.99,2012,2
1077,248390,7,465,10,18.99,2014,2
1078,248410,0,1234,10,0.0,2013,1
1079,248530,0,588,10,14.99,2014,2
1080,248570,0,2373,10,0.0,2006,1
1081,248610,0,644,10,19.99,2014,0
1082,248630,0,1198,6,14.99,2013,2
1083,248650,1,659,10,3.99,2013,2
1084,248710,0,1112,10,4.99,2013,0
1085,248800,1,697,10,4.99,2013,2
1086,248820,0,1792,10,9.99,2013,2
1087,248860,7,1471,10,14.99,2014,0
1088,248970,0,2476,10,6.99,2013,1
1089,249050,1,681,10,11.99,2014,2
1090,249130,0,1243,10,19.99,2013,2
1091,249190,13,111,10,19.99,2014,0
1092,249230,10,1790,10,14.99,2014,0
1093,249330,7,2455,10,3.99,2013,2
1094,249550,7,1475,10,9.99,2014,0
1095,249570,7,2198,6,15.99,2014,2
1096,249590,7,2180,10,9.99,2013,0
1097,249630,0,578,10,7.99,2013,2
1098,249650,7,253,10,19.99,2014,2
1099,249680,0,1335,10,4.99,2013,2
1100,249870,0,1882,10,19.99,2013,2
1101,249950,0,863,10,9.99,2015,2
1102,249990,0,860,10,14.99,2013,0
1103,250050,0,1255,10,12.99,2014,2
1104,250110,0,161,10,14.99,2015,2
1105,250180,0,1379,10,7.99,2014,1
1106,250260,1,1165,10,14.99,2014,2
1107,250320,1,2311,10,24.99,2013,2
1108,250340,0,265,10,9.99,2007,2
1109,250380,7,1211,10,9.99,2013,2
1110,250400,0,1084,10,14.99,2013,2
1111,250420,0,24,5,0.0,2015,2
1112,250460,4,299,10,9.99,2013,2
1113,250500,0,2112,10,2.99,2013,1
1114,250520,7,2449,10,14.99,2015,0
1115,250580,0,1584,10,9.99,2013,2
1116,250600,4,2274,10,0.0,2013,1
1117,250620,0,104,10,16.99,2017,2
1118,250640,0,479,10,7.99,2014,0
1119,250760,0,1929,10,24.99,2014,0
1120,250900,0,2192,10,14.99,2014,2
1121,251060,13,2520,10,29.99,2014,2
1122,251130,7,389,10,14.99,2015,2
1123,251150,10,2251,10,19.99,2014,2
1124,251170,1,508,6,9.99,2014,2
1125,251290,10,2252,10,29.99,2015,2
1126,251310,1,718,10,14.99,2013,1
1127,251370,0,744,10,4.99,2012,2
1128,251430,1,2238,10,14.99,2013,2
1129,251470,0,2382,10,14.99,2014,2
1130,251630,7,2236,10,4.99,2014,2
1131,251730,1,1232,10,23.99,2014,2
1132,251850,0,1345,10,14.99,2013,1
1133,251870,1,941,10,9.99,2011,0
1134,251990,7,1275,10,9.99,2013,2
1135,252030,0,2470,10,14.99,2013,2
1136,252070,0,935,6,14.99,2013,2
1137,252150,4,980,10,3.99,2014,2
1138,252250,7,1318,10,24.99,2013,1
1139,252330,0,1963,10,9.99,2013,2
1140,252350,0,647,10,9.99,2014,2
1141,252370,1,2287,10,4.99,2013,1
1142,252410,0,2073,10,9.99,2013,2
1143,252490,0,1838,6,19.99,2013,0
1144,252530,11,1526,10,34.99,2013,2
1145,252630,0,714,10,14.99,2013,2
1146,252670,1,1487,10,7.99,2013,2
1147,252770,0,2504,10,9.99,2013,2
1148,252910,11,1958,10,3.99,2010,2
1149,252950,0,1805,10,19.99,2015,2
1150,253250,7,2084,10,24.99,2015,2
1151,253350,0,2343,10,29.99,2013,2
1152,253370,2,183,3,19.99,2013,2
1153,253490,0,323,6,0.0,2016,1
1154,253510,7,2533,10,0.0,2014,2
1155,253530,0,868,6,0.0,2007,0
1156,253610,0,2586,10,9.99,2014,2
1157,253650,0,2009,10,4.99,2011,0
1158,253690,0,2344,10,9.99,2013,2
1159,253710,0,2315,10,0.0,2014,2
1160,253770,11,321,10,9.99,2012,0
1161,253920,10,954,10,4.99,1999,1
1162,253940,10,1893,10,4.99,1999,2
1163,253980,10,727,10,4.99,2003,0
1164,254080,13,2575,10,4.99,2001,0
1165,254200,1,869,10,12.99,2015,2
1166,254440,4,1642,10,9.99,2013,0
1167,254460,0,1507,10,6.99,2005,2
1168,254480,0,1508,10,9.99,2008,2
1169,254700,0,1761,10,19.99,2014,1
1170,255070,0,42,10,14.99,2014,0
1171,255220,9,977,10,39.99,2014,0
1172,255260,11,1673,10,9.99,2014,2
1173,255300,1,1172,10,9.99,2013,2
1174,255420,13,1308,10,9.99,2014,2
1175,255710,11,401,10,29.99,2015,2
1176,256010,7,1161,10,19.99,2014,0
1177,256050,11,57,10,19.99,2013,0
1178,256070,9,2419,10,9.99,2013,2
1179,256190,0,731,10,29.99,2014,0
1180,256290,10,383,10,14.99,2014,0
1181,256330,9,2587,10,29.99,2013,2
1182,256370,9,1435,10,19.99,2014,2
1183,257030,0,1679,10,19.99,2017,1
1184,257120,0,1497,10,9.99,2013,2
1185,257170,7,1736,10,14.99,2015,2
1186,257510,0,2297,10,39.99,2014,2
1187,257710,4,1347,10,0.0,2014,2
1188,257730,6,1128,10,0.0,2014,2
1189,257750,0,276,10,9.99,2013,2
1190,257830,1,2497,10,9.99,2013,1
1191,257850,0,1095,10,19.99,2016,0
1192,257970,7,1284,10,19.99,2014,2
1193,258010,0,1784,10,4.99,2013,2
1194,258050,0,2142,10,2.99,2013,2
1195,258090,1,28,10,9.99,2013,2
1196,258180,0,599,10,9.99,2014,0
1197,258200,7,2163,10,6.99,2013,2
1198,258520,1,2301,10,19.99,2014,2
1199,258590,0,59,10,9.99,2014,2
1200,258760,7,1874,10,9.99,2012,1
1201,258880,11,1676,10,14.99,2013,1
1202,258950,1,1409,10,4.99,2013,0
1203,258970,0,923,10,19.99,2014,2
1204,259060,7,634,10,34.99,2013,2
1205,259170,0,89,10,9.99,2008,1
1206,259320,0,1039,10,4.99,2002,0
1207,259390,0,191,10,3.99,2013,2
1208,259410,1,1968,10,4.99,2014,1
1209,259430,0,2628,10,7.99,2012,0
1210,259450,0,666,10,11.99,2014,2
1211,259470,7,1587,10,5.99,2014,2
1212,259530,0,1871,10,1.99,2013,1
1213,259550,1,1044,10,5.99,2012,2
1214,259600,1,832,10,6.99,2013,2
1215,259620,0,12,10,4.99,2011,0
1216,259680,1,2159,10,6.99,2012,0
1217,259700,0,550,10,1.99,2013,2
1218,259720,1,783,10,14.99,2009,2
1219,259740,1,1485,10,9.99,2012,1
1220,259780,0,1488,10,4.99,2013,2
1221,260060,4,2611,10,2.99,1998,0
1222,260130,1,65,10,19.99,2014,2
1223,260160,0,2250,10,19.99,2014,2
1224,260210,0,159,10,19.99,2014,1
1225,260230,1,2471,10,14.99,2014,0
1226,260410,4,933,10,0.0,2014,1
1227,260430,4,2228,7,0.0,2015,1
1228,260510,11,2570,10,2.99,2013,1
1229,260750,1,1470,10,9.99,2004,0
1230,261030,1,2304,10,24.99,2013,2
1231,261110,0,1186,10,19.99,2014,2
1232,261180,0,1251,10,13.99,2014,2
1233,261510,1,2179,10,19.99,2014,2
1234,261530,0,1259,10,19.99,2014,2
1235,261570,0,1547,10,0.0,2015,2
1236,261640,0,286,10,39.99,2014,2
1237,261700,0,742,10,4.99,2013,2
1238,261760,0,1253,10,39.99,2014,2
1239,261880,0,450,10,4.99,2014,2
1240,261920,14,368,10,14.99,2014,1
1241,262060,7,520,10,24.99,2016,2
1242,262120,0,2387,10,14.99,2016,2
1243,262260,0,1169,10,6.99,2014,2
1244,262410,6,2573,10,0.0,2014,2
1245,262490,2,1328,10,49.99,2014,2
1246,262550,0,992,10,1.99,2014,1
1247,262590,7,392,10,3.99,2014,0
1248,262750,0,944,6,19.99,2014,2
1249,262790,0,1553,10,14.99,2014,0
1250,262830,0,475,10,13.99,2014,2
1251,262850,1,2243,10,19.99,2014,1
1252,262900,4,1966,10,2.99,2013,0
1253,262940,1,305,10,24.99,2014,2
1254,262960,0,359,10,9.99,2015,0
1255,263020,0,2070,10,11.99,2014,0
1256,263060,0,267,6,4.99,2015,2
1257,263100,7,25,10,0.99,2013,1
1258,263180,1,2038,10,0.99,2014,1
1259,263200,0,1942,10,9.99,2014,2
1260,263280,1,2019,10,14.99,2014,2
1261,263300,0,259,10,9.99,2014,2
1262,263320,7,1868,10,6.99,2014,2
1263,263340,0,441,10,9.99,2014,2
1264,263360,0,13,10,6.99,2014,1
1265,263380,1,667,10,14.99,2013,2
1266,263400,1,2512,10,9.99,2012,2
1267,263420,0,1675,10,4.99,2014,1
1268,263480,0,831,10,4.99,2014,0
1269,263500,0,657,10,0.0,2014,2
1270,263540,6,2495,5,0.0,2014,2
1271,263560,1,1581,10,4.99,2013,2
1272,263680,0,2451,10,4.99,2014,1
1273,263700,0,1427,10,6.99,2014,0
1274,263740,0,858,10,9.99,2013,2
1275,263760,0,2424,10,9.99,2014,2
1276,263820,0,762,10,1.99,2014,0
1277,263960,0,2592,10,14.99,2014,2
1278,263980,0,1555,10,0.49,2016,2
1279,264120,6,2492,10,0.0,2016,2
1280,264140,1,1614,10,9.99,2015,1
1281,264200,0,1529,10,4.99,2014,1
1282,264240,0,439,10,9.99,2014,1
1283,264280,0,27,10,4.99,2014,2
1284,264380,7,1453,10,0.0,2007,2
1285,265000,0,859,10,19.99,2016,2
1286,265120,7,1373,10,6.99,2014,2
1287,265300,0,1282,10,29.99,2014,2
1288,265330,1,951,10,4.99,2013,2
1289,265550,0,546,10,29.99,2014,0
1290,265610,1,738,10,11.99,2014,2
1291,265630,0,842,6,0.0,2014,1
1292,265690,1,1447,10,14.99,2014,2
1293,265750,0,1886,6,14.99,2015,2
1294,265770,0,344,6,0.0,2014,1
1295,265810,4,2281,10,4.99,2015,0
1296,265870,1,91,10,9.99,2014,0
1297,265890,4,1054,10,2.99,2014,2
1298,265930,4,942,10,9.99,2014,1
1299,266010,4,1298,10,2.99,2014,2
1300,266070,0,402,6,0.0,2014,2
1301,266110,0,2380,10,14.99,2014,2
1302,266130,0,296,10,14.99,2014,2
1303,266150,0,1287,6,0.0,2013,0
1304,266210,7,1535,10,3.49,2014,2
1305,266370,0,327,10,1.99,2014,0
1306,266390,4,804,10,9.99,2013,2
1307,266430,4,110,10,0.0,2014,2
1308,266490,1,1262,10,14.99,2014,2
1309,266510,0,1023,10,19.99,2015,2
1310,266590,2,70,10,79.99,2013,2
1311,267340,4,227,10,9.99,2014,2
1312,267490,0,202,10,19.99,2014,0
1313,267530,0,2254,10,19.99,2014,1
1314,267600,11,76,10,9.99,2013,1
1315,267610,11,2567,10,9.99,2013,0
1316,267750,7,1907,10,19.99,2015,1
1317,267940,0,938,10,9.99,2010,2
1318,268050,0,2218,10,19.99,2014,0
1319,268220,0,1362,10,6.99,2014,0
1320,268260,4,1252,10,14.99,2014,2
1321,268320,7,966,10,7.99,2015,2
1322,268400,13,1579,10,19.99,2011,2
1323,268420,1,172,5,0.0,2014,2
1324,268500,13,2603,10,59.99,2016,2
1325,268650,0,888,10,19.99,2014,2
1326,268750,0,1313,10,9.99,2014,2
1327,268850,14,761,10,0.0,2014,2
1328,268870,0,1867,10,29.99,2015,2
1329,268970,1,2610,10,14.99,2015,2
1330,269030,7,2313,10,9.99,2013,1
1331,269050,1,2608,10,5.99,2014,2
1332,269210,0,1046,10,5.99,2014,1
1333,269250,7,2571,10,12.99,2014,2
1334,269270,0,1288,10,2.99,2014,2
1335,269290,14,1267,10,14.99,2014,2
1336,269310,0,1125,10,9.99,2016,2
1337,269330,1,391,10,4.99,2014,2
1338,269350,1,1411,10,9.99,2014,2
1339,269490,0,194,10,7.99,2014,2
1340,269770,0,1888,10,14.99,2015,2
1341,269790,1,661,10,14.99,2014,2
1342,269810,0,2012,10,1.99,2014,0
1343,270090,0,1,10,3.99,2014,1
1344,270150,0,1835,10,14.99,2015,0
1345,270170,6,586,10,0.0,2014,0
1346,270210,7,1361,10,9.99,2016,2
1347,270270,0,891,10,11.99,2016,2
1348,270370,6,1220,10,0.0,2014,0
1349,270450,0,1800,10,9.99,2015,2
1350,270490,1,2227,10,4.99,2014,2
1351,270510,0,741,10,9.99,2014,2
1352,270550,0,2609,10,1.99,2014,2
1353,270570,1,1774,10,0.99,2012,2
1354,270630,0,1032,10,4.99,2014,2
1355,270880,7,99,10,19.99,2016,2
1356,270942,2,182,10,14.99,2014,2
1357,271240,7,1520,10,19.99,2016,2
1358,271360,11,1124,10,9.99,2015,2
1359,271500,0,1969,10,2.99,2008,1
1360,271520,0,1271,6,19.99,2014,1
1361,271570,0,1998,6,9.99,2014,1
1362,271590,0,961,10,39.99,2015,1
1363,271640,0,1089,10,9.99,2014,1
1364,271860,7,2118,10,4.99,2014,1
1365,271900,4,1056,10,2.99,2014,2
1366,272060,1,1894,10,0.0,2014,2
1367,272510,0,1456,10,29.99,2014,1
1368,272600,1,593,10,6.99,2014,2
1369,272890,7,2487,10,9.99,2014,1
1370,273110,0,460,10,0.0,2014,2
1371,273350,0,765,10,0.0,2015,2
1372,273500,0,1560,10,1.99,2015,2
1373,273770,11,911,10,2.99,2014,0
1374,273840,9,2083,10,14.99,2015,1
1375,273940,11,2515,10,9.99,2014,0
1376,274170,0,1079,10,14.99,2015,0
1377,274190,0,303,10,14.99,2015,1
1378,274230,0,1821,10,12.99,2015,0
1379,274250,7,1521,10,12.99,2014,2
1380,274270,0,1496,10,12.99,2015,2
1381,274290,1,947,10,9.99,2014,1
1382,274310,7,96,10,9.99,2014,0
1383,274350,1,669,10,9.99,2015,2
1384,274500,0,301,10,19.99,2016,2
1385,274560,0,1775,10,4.99,2014,2
1386,274620,0,1953,6,0.0,2017,0
1387,274900,0,1430,10,0.99,2014,2
1388,274920,2,781,11,14.99,2015,1
1389,274940,0,587,10,19.99,2014,2
1390,274980,7,1129,10,9.99,2014,2
1391,275100,1,1918,10,14.99,2015,2
1392,275180,1,458,10,14.99,2014,2
1393,275200,0,2543,10,14.99,2015,0
1394,275390,0,983,10,14.99,2014,2
1395,275490,0,345,10,6.99,2014,1
1396,275510,13,2620,10,12.99,2014,2
1397,275530,0,2619,10,6.99,2014,2
1398,275610,0,2522,10,9.99,2014,1
1399,275670,7,2003,10,14.99,2014,2
1400,275850,0,1489,10,59.99,2016,2
1401,276340,4,1441,10,9.99,2014,2
1402,276810,10,1413,10,39.99,2015,2
1403,277430,0,1019,10,2.99,2014,2
1404,277450,13,1118,10,4.99,2005,2
1405,277460,13,1658,10,4.99,2003,2
1406,277520,0,82,10,14.99,2015,2
1407,277590,0,151,10,14.99,2014,0
1408,277930,1,2423,10,0.0,2014,1
1409,278080,0,694,10,49.99,2014,0
1410,278360,1,34,10,12.99,2014,2
1411,278460,4,1957,10,14.99,2014,2
1412,278490,1,177,10,9.99,2014,0
1413,278620,0,2346,10,9.99,2014,2
1414,278910,7,1139,10,0.0,2015,2
1415,278970,0,610,6,9.99,2015,2
1416,279160,0,2442,10,6.99,2014,2
1417,279260,1,1777,10,5.99,2014,0
1418,279420,4,917,10,9.99,2014,2
1419,279520,0,1716,10,4.99,2014,0
1420,279720,10,2235,10,6.99,2004,2
1421,280010,0,991,6,3.99,2015,0
1422,280040,0,36,10,9.99,2014,2
1423,280180,0,1082,10,19.99,2017,2
1424,280220,7,472,10,14.99,2014,2
1425,280520,0,471,10,14.99,2016,2
1426,280600,0,273,10,12.99,2015,2
1427,280740,0,130,10,4.99,2014,2
1428,280910,0,2153,10,3.99,2014,1
1429,280930,0,212,10,4.99,2014,0
1430,281050,0,2474,10,0.0,2014,2
1431,281200,1,31,10,9.99,2016,2
1432,281220,0,274,10,9.99,2014,2
1433,281370,7,1729,10,1.99,2014,2
1434,281410,0,2435,10,9.99,2008,0
1435,281610,13,1074,10,49.99,2016,2
1436,281820,0,770,10,8.99,2011,0
1437,281990,11,2079,10,39.99,2016,2
1438,282010,0,351,10,9.99,1997,1
1439,282050,9,1434,10,29.99,2015,2
1440,282070,1,2329,10,19.99,2014,0
1441,282140,0,1986,10,29.99,2015,0
1442,282400,11,2129,10,9.99,2004,2
1443,282440,0,1700,10,9.99,2010,0
1444,282560,11,1815,10,14.99,2016,2
1445,282660,14,706,6,0.0,2006,2
1446,282740,0,1546,10,0.0,2014,2
1447,282760,4,396,10,4.99,2014,2
1448,282780,0,2080,10,2.99,2015,2
1449,282800,7,3,10,6.99,2013,1
1450,282900,10,1097,10,29.99,2015,2
1451,283080,0,2113,10,4.99,2015,2
1452,283230,1,2025,10,2.99,2014,0
1453,283290,0,1495,10,9.99,2003,2
1454,283370,0,1333,10,9.99,2004,0
1455,283430,0,1268,10,9.99,1993,2
1456,283640,0,1860,10,17.99,2016,2
1457,283660,0,1707,10,2.99,2014,0
1458,283680,0,162,10,19.99,2014,2
1459,283880,1,1053,10,2.99,2014,2
1460,283920,1,1691,10,6.99,1992,0
1461,283940,1,880,10,6.99,1994,2
1462,283960,1,1576,10,6.99,1996,1
1463,283980,1,2034,10,6.99,1997,2
1464,284140,0,1319,10,4.99,2014,2
1465,284160,9,218,10,24.99,2015,1
1466,284460,0,555,10,9.99,2014,2
1467,284770,1,734,10,9.99,2013,0
1468,284930,0,2014,10,9.99,2014,0
1469,284950,4,1616,10,6.99,2014,0
1470,285050,4,1932,10,5.99,2013,2
1471,285160,0,1246,10,19.99,2014,0
1472,285310,11,1818,10,5.99,1999,0
1473,285330,11,1816,10,9.99,2002,2
1474,285440,0,476,10,9.99,2014,1
1475,285480,13,2216,10,1.99,2003,0
1476,285500,0,1026,10,7.99,2005,1
1477,285580,0,44,10,189.96,2014,2
1478,285740,4,1204,10,9.99,2015,2
1479,285820,0,49,10,14.99,2015,2
1480,285900,0,914,6,19.99,2017,2
1481,285920,0,2177,10,19.99,2015,2
1482,286040,0,537,10,4.99,2014,2
1483,286080,0,2326,10,0.0,2014,1
1484,286100,0,2614,10,0.0,2012,2
1485,286200,1,1750,10,14.99,2014,2
1486,286340,1,808,10,4.99,2014,2
1487,286360,1,1911,10,6.99,2014,0
1488,286500,1,1081,10,9.99,2014,2
1489,286570,9,776,10,39.99,2015,2
1490,286660,0,179,10,4.99,2014,2
1491,286690,0,1382,10,19.99,2014,2
1492,286940,0,1844,10,0.0,2013,1
1493,287100,0,374,10,9.99,2014,1
1494,287120,0,1148,10,4.99,2014,2
1495,287290,0,1764,10,5.99,2015,0
1496,287340,9,419,10,6.99,2014,1
1497,287390,0,1383,10,19.99,2014,2
1498,287450,11,1786,10,19.99,2014,0
1499,287580,11,1578,10,29.99,2013,2
1500,287700,0,1378,10,19.99,2015,1
1501,287840,0,2432,10,5.99,2015,2
1502,287920,0,1417,5,0.0,2015,2
1503,287980,7,1394,10,9.99,2015,2
1504,288040,1,50,10,4.99,2014,0
1505,288160,1,2280,10,4.99,2014,2
1506,288370,0,2096,10,19.99,2014,2
1507,288470,10,779,10,34.99,2014,0
1508,289090,1,106,10,4.99,2014,1
1509,289130,10,728,10,29.99,2014,2
1510,289340,13,885,10,4.99,2007,2
1511,289460,4,1727,10,2.99,2003,2
1512,289520,10,1199,10,12.99,2014,2
1513,289600,10,1331,10,9.99,2009,2
1514,289650,0,153,10,29.99,2014,2
1515,289690,0,1222,10,19.99,2014,2
1516,289760,0,1807,10,6.99,2015,2
1517,289930,4,2400,10,19.99,2014,2
1518,290000,0,671,10,9.99,2016,2
1519,290020,7,1273,10,19.99,2017,2
1520,290080,0,1256,6,39.99,2015,2
1521,290140,6,707,6,0.0,2015,1
1522,290280,0,2503,10,1.99,2014,2
1523,290300,0,1735,10,19.99,2015,1
1524,290340,1,147,10,19.99,2015,2
1525,290490,0,2225,6,16.99,2015,1
1526,290530,0,404,10,19.99,2015,2
1527,290650,0,2339,10,4.99,2015,0
1528,290730,4,1438,6,0.0,2014,1
1529,290770,0,2220,10,9.99,2014,2
1530,290790,13,974,10,29.99,2015,2
1531,290890,0,2615,10,4.99,2015,0
1532,290930,0,1014,10,0.0,2015,2
1533,290990,4,856,10,14.99,2010,2
1534,291010,0,2234,10,1.99,2016,0
1535,291250,0,1174,10,9.99,2014,2
1536,291270,0,2499,10,1.99,2012,0
1537,291370,7,2448,10,14.99,2014,2
1538,291410,6,674,10,0.0,2016,2
1539,291480,0,2516,6,0.0,2014,0
1540,291550,0,295,10,0.0,2017,0
1541,291650,10,1606,10,29.99,2015,0
1542,291910,0,836,10,19.99,2014,2
1543,291930,11,1123,10,19.99,2014,0
1544,292120,10,829,10,15.99,2014,1
1545,292140,10,830,10,19.99,2014,0
1546,292180,11,2599,10,771.71,2014,2
1547,292240,1,2033,10,6.99,1999,2
1548,292380,4,1711,10,4.99,2014,1
1549,292390,0,1733,10,9.99,1996,2
1550,292600,0,675,10,4.99,2015,2
1551,292630,1,2469,10,4.99,2014,1
1552,292780,1,1575,10,6.99,1998,2
1553,293180,0,1562,10,0.99,2014,0
1554,293240,0,453,10,9.99,2015,2
1555,293260,6,347,10,0.0,2015,2
1556,293320,1,421,10,5.99,2014,1
1557,293500,1,98,10,0.0,2014,0
1558,293540,0,994,6,0.0,2014,2
1559,293680,1,395,10,19.99,2012,0
1560,293740,7,1797,10,14.99,2014,1
1561,293760,11,173,10,29.99,2015,2
1562,293780,0,468,10,14.99,2017,2
1563,293840,0,501,6,9.99,2014,2
1564,293860,1,2546,10,4.99,2014,2
1565,293900,0,1610,10,4.99,2014,2
1566,293920,4,2022,10,19.99,2011,2
1567,294100,7,1783,10,29.99,2016,0
1568,294140,0,2320,10,1.99,2014,2
1569,294160,6,906,6,0.0,2014,1
1570,294230,0,1391,10,3.99,2014,1
1571,294540,1,878,10,6.99,1998,2
1572,294570,1,879,10,6.99,2001,2
1573,294650,1,1690,10,6.99,1993,2
1574,294860,0,2472,10,19.99,2014,0
1575,295490,0,1876,10,9.99,2014,2
1576,295550,6,1825,5,0.0,2014,2
1577,295690,0,1585,10,0.98,2015,1
1578,295710,6,526,5,0.0,2014,2
1579,295770,0,1812,10,4.99,2014,2
1580,295790,0,1477,10,14.99,2014,2
1581,295990,13,766,10,4.99,2014,2
1582,296050,7,211,10,4.99,2012,2
1583,296150,0,898,6,0.99,2014,0
1584,296240,1,2275,10,6.99,2012,2
1585,296300,0,190,6,11.99,2017,2
1586,296470,7,1422,10,4.99,2014,2
1587,296490,0,925,10,9.99,2015,2
1588,296570,10,1283,10,19.99,2014,2
1589,296650,0,2232,10,4.99,2014,2
1590,296770,12,1728,10,4.99,2014,2
1591,296910,0,23,10,3.99,2014,2
1592,296970,1,1755,10,19.99,2015,2
1593,297000,10,1052,10,14.99,2015,2
1594,297110,4,452,10,2.99,2014,2
1595,297120,0,1036,10,9.99,2014,0
1596,297130,0,2349,10,14.99,2015,2
1597,297210,4,797,10,0.0,2014,1
1598,297330,4,133,10,9.99,2014,2
1599,297350,1,2270,10,5.99,2014,2
1600,297490,7,2032,10,4.99,2014,2
1601,297590,1,1408,10,7.99,2014,2
1602,298030,13,2375,10,4.99,1997,2
1603,298050,13,1344,10,29.99,2016,2
1604,298110,0,802,10,29.99,2014,1
1605,298160,4,713,6,0.0,2014,2
1606,298180,0,2210,10,0.0,2014,0
1607,298240,0,1739,6,0.0,2015,2
1608,298260,1,1537,10,0.0,2014,2
1609,298340,0,847,10,4.99,2014,2
1610,298360,0,1116,10,9.99,2007,0
1611,298400,0,1208,10,3.99,2014,2
1612,298520,0,1541,10,9.99,2014,2
1613,298600,0,1291,10,5.99,2014,0
1614,298630,0,2217,10,17.99,2015,1
1615,299030,0,271,10,4.99,1998,2
1616,299260,0,430,10,9.99,2014,2
1617,299360,0,262,10,0.0,2015,1
1618,299420,0,496,10,0.0,2014,0
1619,299460,0,2568,10,2.99,2014,1
1620,299540,7,1051,10,4.99,2012,2
1621,299660,0,20,10,3.99,2014,2
1622,299680,1,2172,10,4.99,2015,2
1623,299720,4,2178,10,1.99,2014,2
1624,299740,0,1400,6,19.99,2014,2
1625,299780,1,1493,10,6.99,2014,2
1626,300040,0,626,10,0.0,2014,2
1627,300080,6,2376,10,0.0,2016,2
1628,300220,1,2489,10,3.99,2014,1
1629,300300,4,1110,10,4.99,2014,1
1630,300340,0,1249,10,14.99,2015,1
1631,300380,0,1798,10,16.06,2017,2
1632,300550,1,1909,10,14.99,2014,2
1633,300570,7,1127,10,24.99,2015,2
1634,300900,7,1061,10,4.99,2014,1
1635,300970,6,818,5,0.0,2008,2
1636,301120,11,705,10,19.99,2015,2
1637,301190,0,881,10,2.99,2014,1
1638,301460,0,717,10,4.99,2014,2
1639,301520,0,1799,6,0.0,2017,2
1640,301640,0,2631,10,44.99,2015,0
1641,301750,0,1714,10,6.99,2014,2
1642,301760,0,623,10,19.99,2011,1
1643,301860,1,2106,10,19.99,2015,2
1644,301910,0,1856,10,14.99,2015,2
1645,301970,0,1880,10,14.99,2014,2
1646,302060,7,2420,10,4.99,2011,2
1647,302080,7,319,10,7.99,2007,2
1648,302270,0,678,10,19.99,2014,2
1649,302380,4,855,10,0.0,2014,2
1650,302510,0,1843,10,19.99,2014,0
1651,302590,0,1516,6,0.0,2016,2
1652,302670,0,341,10,0.0,2016,2
1653,302830,0,263,6,0.0,2014,1
1654,302970,7,1713,10,4.99,2014,2
1655,303210,1,2190,10,9.99,2015,1
1656,303390,0,536,10,0.99,2014,2
1657,303800,1,2307,10,9.99,2014,2
1658,304030,6,135,6,0.0,2015,2
1659,304050,0,2418,7,0.0,2015,2
1660,304240,0,1759,10,19.99,2015,1
1661,304350,4,2552,10,6.99,2006,1
1662,304410,4,1055,10,4.99,2014,2
1663,304500,4,1823,10,9.99,2014,0
1664,304650,1,2111,10,18.99,2015,2
1665,304670,4,61,10,2.99,2014,2
1666,304730,4,2393,10,19.99,2014,2
1667,304910,0,1956,10,9.99,2015,2
1668,304930,0,2466,10,0.0,2017,1
1669,304950,1,355,10,14.99,2015,2
1670,305050,0,1558,10,9.99,2014,2
1671,305070,0,841,10,3.99,2014,2
1672,305260,6,205,10,0.0,2014,0
1673,305380,0,279,10,12.99,2015,2
1674,305620,1,2255,10,34.99,2017,2
1675,305920,1,123,10,5.99,2014,0
1676,305960,0,656,10,17.99,2014,2
1677,305980,0,1037,10,2.99,2014,0
1678,306020,0,277,10,9.99,2014,2
1679,306130,8,2215,5,19.99,2014,2
1680,306550,7,1833,10,9.99,2014,2
1681,306660,7,2440,10,14.99,2014,2
1682,306670,0,1566,10,18.99,2015,0
1683,307070,1,1366,10,4.99,2014,2
1684,307130,0,163,10,4.99,2014,2
1685,307170,0,288,10,4.99,2014,1
1686,307290,1,2482,6,0.0,2014,2
1687,307340,0,1630,10,6.99,2004,2
1688,307640,10,2081,10,19.99,2011,2
1689,307670,1,1027,10,19.99,2015,2
1690,307690,0,1962,10,29.99,2014,2
1691,307780,0,1416,10,19.99,2015,2
1692,307880,0,1869,10,14.99,2015,2
1693,307990,4,2553,10,0.99,2013,2
1694,308270,11,322,10,29.99,2014,2
1695,308420,0,2629,10,14.99,2014,2
1696,310070,7,2268,10,4.99,2014,1
1697,310080,4,1030,10,9.99,2014,1
1698,310360,1,1060,10,5.99,2015,1
1699,310370,6,2305,10,0.0,2016,2
1700,310380,0,874,10,0.0,2016,0
1701,310470,11,958,10,19.99,2015,2
1702,310700,0,2126,10,7.99,2014,2
1703,310740,0,1473,10,17.99,2015,2
1704,310790,0,932,10,14.99,2014,2
1705,310850,0,1536,10,13.99,2015,1
1706,310890,0,297,10,9.99,2015,2
1707,310950,0,2088,10,39.99,2016,1
1708,311140,0,2293,10,3.99,2006,0
1709,311190,0,2122,10,2.99,2014,1
1710,311210,0,337,10,59.99,2015,2
1711,311310,0,1459,6,39.99,2016,1
1712,311340,0,1377,10,19.99,2014,2
1713,311400,0,1510,10,2.99,2016,2
1714,311480,0,2486,10,6.99,2014,0
1715,311560,0,160,10,19.99,2015,2
1716,311690,0,736,10,14.99,2016,0
1717,311730,0,542,10,0.0,2015,1
1718,311870,0,2125,10,4.99,2014,2
1719,311910,11,609,10,17.99,2014,0
1720,312010,0,242,10,1.99,2011,2
1721,312150,0,2551,6,2.99,2014,2
1722,312210,0,2222,10,14.99,2014,2
1723,312280,4,1949,10,0.0,2015,2
1724,312530,0,672,10,12.99,2015,2
1725,312630,7,1552,10,7.99,2014,2
1726,312720,4,1184,10,9.99,2014,1
1727,312750,10,822,10,15.99,2014,2
1728,312780,0,2540,10,24.99,2015,2
1729,312840,1,786,10,9.99,2015,0
1730,312990,0,2219,10,0.0,2014,1
1731,313010,11,400,11,9.99,2015,1
1732,313020,1,1994,10,2.99,2013,1
1733,313040,0,1613,10,2.99,2014,0
1734,313080,0,2260,10,19.99,2015,0
1735,313120,1,2086,10,14.99,2015,2
1736,313160,11,805,10,19.99,2014,2
1737,313340,4,1423,10,0.99,2014,0
1738,313590,0,283,10,1.99,2014,2
1739,313690,0,1239,10,19.99,2014,0
1740,314010,0,281,10,0.0,2016,2
1741,314020,1,1414,10,3.99,2014,2
1742,314150,0,646,10,5.99,2015,1
1743,314160,11,1385,10,24.99,2006,2
1744,314230,0,1809,10,14.99,2014,2
1745,314240,1,1829,10,9.99,2016,2
1746,314300,0,499,6,7.99,2014,1
1747,314410,0,1722,10,11.99,2015,1
1748,314520,11,749,10,19.99,2015,2
1749,314660,0,1514,10,19.99,2015,2
1750,314970,6,66,10,0.0,2016,2
1751,314980,7,2135,10,19.99,2014,2
1752,315340,0,37,10,9.99,2014,2
1753,315430,0,1639,10,12.99,2014,2
1754,315600,9,861,10,4.99,2005,2
1755,315810,1,709,10,19.99,2015,2
1756,315840,0,366,10,15.99,2015,2
1757,315860,7,370,10,12.99,2015,2
1758,316010,6,1310,10,0.0,2015,2
1759,316260,0,620,10,19.99,2011,2
1760,316390,0,2152,5,0.0,2015,0
1761,316430,0,206,10,8.99,2015,2
1762,316660,0,2351,10,4.99,2014,2
1763,316720,4,1624,10,9.99,2004,0
1764,316790,1,979,10,14.99,2015,2
1765,316930,0,1202,10,9.99,2015,1
1766,317040,0,2272,10,9.99,1996,2
1767,317100,0,1758,10,24.99,2015,2
1768,317360,0,645,6,0.0,2014,1
1769,317400,0,1649,10,0.0,2015,2
1770,317410,0,420,10,0.0,2014,1
1771,317440,0,1702,10,9.99,2014,0
1772,317470,0,500,5,0.0,2014,2
1773,317510,0,229,10,1.99,2014,2
1774,317620,10,2001,10,29.99,2014,2
1775,317710,0,2479,10,7.99,2014,1
1776,317790,0,1776,10,0.0,2014,2
1777,317820,7,986,10,14.99,2015,2
1778,318020,13,48,10,29.99,2015,2
1779,318100,0,184,6,7.99,2014,1
1780,318130,7,639,10,9.99,2011,2
1781,318220,0,732,10,19.99,2014,2
1782,318230,0,447,10,14.99,2015,2
1783,318430,1,2039,10,1.99,2014,2
1784,318530,0,2558,10,14.99,2014,1
1785,318600,0,2224,10,14.99,2016,2
1786,319050,7,376,10,9.99,2015,0
1787,319080,0,619,10,19.99,2012,2
1788,319140,0,2605,10,9.99,2014,2
1789,319180,0,1631,10,6.99,2007,0
1790,319400,1,621,10,5.99,2011,2
1791,319450,1,377,10,14.99,2014,2
1792,319510,7,843,10,4.99,2014,0
1793,319550,4,2201,10,2.99,2014,0
1794,319560,7,1757,10,6.99,2014,1
1795,319570,0,1050,6,0.0,2015,2
1796,319630,0,1258,10,0.0,2015,2
1797,319730,0,957,10,0.0,2007,2
1798,319740,7,2317,10,14.99,2015,2
1799,319910,0,2410,10,21.99,2015,2
1800,319970,1,2211,10,3.99,2014,2
1801,320040,1,1412,10,14.99,2016,2
1802,320140,0,41,10,11.99,2015,2
1803,320340,1,454,10,9.99,2015,2
1804,320760,1,2355,10,14.99,2015,0
1805,321030,7,1528,10,3.99,2014,0
1806,321060,7,928,10,24.99,2014,2
1807,321360,0,1664,10,12.99,2015,2
1808,321410,11,427,10,79.99,2014,2
1809,321480,4,1941,10,0.0,2014,2
1810,321610,4,584,10,4.99,2011,0
1811,321830,0,369,10,9.99,2014,2
1812,321960,10,1390,10,49.99,2015,0
1813,321980,0,1028,10,14.99,2014,2
1814,322110,0,10,10,14.99,2017,2
1815,322170,0,930,10,3.99,2014,2
1816,322300,7,2279,6,19.99,2014,0
1817,322330,1,637,10,14.99,2016,1
1818,322500,0,2128,10,24.99,2016,2
1819,322520,0,695,10,49.99,2015,0
1820,322900,7,2513,10,6.99,2015,2
1821,322910,0,2523,10,14.99,2015,2
1822,322920,0,2316,10,9.99,2015,2
1823,322980,0,946,10,4.99,2013,2
1824,323240,0,2312,10,1.99,2014,2
1825,323370,0,2173,6,0.0,2015,2
1826,323380,0,2259,10,19.99,2015,2
1827,323450,0,94,10,9.99,2015,2
1828,323470,0,653,10,39.99,2015,0
1829,323580,0,1171,10,14.99,2015,2
1830,323610,11,26,10,4.99,2006,2
1831,323720,1,565,10,9.99,2015,2
1832,323850,0,1425,10,14.99,2016,2
1833,324080,0,1791,10,14.99,2014,2
1834,324120,1,2483,10,4.99,2014,2
1835,324160,1,405,10,49.99,2015,2
1836,324260,0,2501,10,14.99,2015,2
1837,324310,11,320,10,14.99,2016,2
1838,324570,0,1020,10,2.99,2014,2
1839,324610,1,2288,10,2.99,2014,0
1840,324680,13,1120,10,9.99,2003,2
1841,324810,0,2385,10,0.0,2016,0
1842,325090,1,566,10,4.99,2014,0
1843,325110,4,1872,10,6.99,2012,2
1844,325610,13,2377,10,44.99,2015,2
1845,326150,0,559,10,9.99,2014,2
1846,326160,8,1933,10,39.99,2014,0
1847,326410,0,2556,10,9.99,2015,1
1848,326460,0,1916,10,6.99,2015,1
1849,326480,1,1113,10,14.99,2013,1
1850,326670,10,2525,10,14.99,2015,0
1851,326720,0,1136,10,1.99,2014,2
1852,326990,0,567,10,5.99,2014,2
1853,327070,0,939,6,19.99,2016,2
1854,327090,0,1554,6,14.99,2015,0
1855,327220,1,118,10,19.99,2015,2
1856,327410,1,30,10,3.99,2014,2
1857,327500,0,2624,10,9.99,2015,2
1858,327520,0,2402,10,14.99,2015,2
1859,327640,6,324,10,0.0,2015,2
1860,327670,7,1153,10,14.99,2015,2
1861,327740,0,2412,10,9.99,2003,2
1862,327860,0,1859,10,14.99,2014,2
1863,327890,0,1104,10,12.99,2015,0
1864,327950,1,2144,10,6.99,1989,2
1865,328060,0,2161,10,0.0,2015,1
1866,328070,0,1746,6,9.99,2014,2
1867,328220,7,2550,10,16.99,2015,2
1868,328500,7,1654,10,3.99,2014,1
1869,328830,0,1831,10,19.99,2014,2
1870,328940,7,2209,10,14.99,2015,2
1871,329050,0,604,10,24.99,2015,1
1872,329110,0,927,10,0.0,2014,2
1873,329130,0,1734,10,14.99,2015,2
1874,329440,1,1990,10,29.99,2015,0
1875,329490,0,1603,10,11.99,2015,0
1876,329650,0,1448,10,6.99,1998,1
1877,329830,1,2263,10,1.99,2014,0
1878,330100,0,290,10,14.99,2016,2
1879,330350,0,1801,10,4.99,2014,2
1880,330390,10,965,10,19.99,2015,2
1881,330470,7,1561,10,4.99,2014,0
1882,330570,0,1492,10,9.99,2015,1
1883,330580,0,1915,10,2.99,2015,2
1884,330820,1,9,10,19.99,2015,2
1885,330830,1,2158,10,24.99,2014,2
1886,330840,1,910,10,29.99,2014,1
1887,331120,0,1590,10,0.0,2014,0
1888,331160,1,622,10,19.99,2006,2
1889,331190,0,1346,10,9.99,2015,2
1890,331200,1,967,10,4.99,2015,1
1891,331220,0,2322,9,7.99,2014,2
1892,331440,0,244,10,3.99,2014,2
1893,331470,1,756,10,0.0,2014,2
1894,331500,0,769,10,12.99,2015,2
1895,331600,0,1532,10,39.99,2015,0
1896,331670,4,2241,10,24.99,2014,2
1897,332070,1,1875,5,0.0,2014,1
1898,332250,0,2267,10,12.99,2015,2
1899,332310,1,1247,10,29.99,2017,1
1900,332400,0,936,10,4.99,2015,1
1901,332500,0,969,10,19.99,2015,2
1902,332540,7,2541,10,13.99,2017,2
1903,332570,1,97,10,15.99,2014,1
1904,332800,7,844,10,7.99,2014,1
1905,333250,0,870,10,7.99,2015,2
1906,333930,0,615,6,0.0,2015,0
1907,333950,0,1357,10,19.99,2015,1
1908,333980,0,79,10,29.99,2015,2
1909,334070,0,1038,10,9.99,2015,1
1910,334120,1,148,10,9.99,2015,1
1911,334210,0,866,10,14.99,2016,2
1912,334230,7,2383,6,4.99,2014,0
1913,335000,1,2374,10,11.99,2015,2
1914,335150,6,1309,10,0.0,2015,1
1915,335190,1,8,10,6.99,2015,2
1916,335240,6,2397,6,0.0,2015,1
1917,335300,0,515,10,39.99,2015,2
1918,335330,0,298,6,0.0,2012,0
1919,335430,0,981,6,0.0,2017,2
1920,335660,1,325,10,6.99,2011,1
1921,335670,1,1266,10,9.99,2014,1
1922,335820,1,663,5,0.0,2015,2
1923,335840,0,943,10,4.99,2015,1
1924,335890,7,1451,10,2.99,2014,2
1925,336100,0,1824,10,0.0,2014,2
1926,336380,1,367,10,0.99,2014,0
1927,336510,6,120,10,0.0,2013,0
1928,336520,6,1388,10,0.0,2015,1
1929,336610,0,1556,10,5.99,2014,2
1930,336670,6,1063,6,0.0,2015,2
1931,337000,0,597,10,59.99,2016,2
1932,337040,7,558,10,9.99,2014,0
1933,337070,14,611,11,19.99,2015,2
1934,337320,0,1574,10,14.99,2015,0
1935,337850,1,176,10,19.99,2015,2
1936,337950,6,2292,6,0.0,2016,0
1937,338000,0,708,10,0.0,2015,2
1938,338170,0,1724,6,8.99,2016,2
1939,338310,0,2514,10,19.99,2016,2
1940,338540,0,1462,6,0.0,2015,2
1941,339120,0,864,10,0.0,2014,2
1942,339190,1,554,10,19.99,2015,2
1943,339230,0,2630,10,19.99,2015,1
1944,339280,0,2093,10,0.0,2015,2
1945,339290,0,357,10,4.99,2015,0
1946,339340,0,1760,10,19.99,2016,0
1947,339350,7,388,10,9.99,2014,1
1948,339400,4,1834,10,9.99,2015,2
1949,339470,1,1768,10,0.99,2015,1
1950,339600,6,2478,6,0.0,2015,0
1951,339610,0,884,7,0.0,2015,2
1952,339800,7,1091,10,9.99,2015,1
1953,339910,0,2447,10,9.99,2015,1
1954,340050,0,2141,10,4.99,2015,0
1955,340150,7,195,10,9.99,2015,2
1956,340170,0,823,10,29.99,2015,2
1957,340300,1,2167,10,4.99,2015,1
1958,340340,4,633,10,2.99,2014,1
1959,340350,0,1703,10,0.0,2013,1
1960,340460,0,2011,10,0.0,2015,2
1961,340540,0,2165,10,0.0,2012,0
1962,340580,0,146,10,9.99,2017,2
1963,340810,0,568,5,0.0,2015,2
1964,341000,4,1303,10,14.99,2016,2
1965,341310,1,975,10,1.99,2015,1
1966,341500,0,342,10,1.99,2015,1
1967,341530,0,2065,9,3.99,2015,2
1968,341720,4,103,10,0.0,2015,2
1969,341940,0,1031,10,8.99,2015,1
1970,341980,0,624,10,4.99,2015,0
1971,342150,0,912,6,0.0,2017,1
1972,342200,0,1354,6,0.0,2015,0
1973,342300,0,2634,10,6.99,2015,0
1974,342370,0,754,10,0.0,2011,1
1975,342550,7,1602,10,14.99,2016,2
1976,342560,0,77,10,14.99,2015,2
1977,342570,0,1062,10,139.92,2015,0
1978,342580,4,4,10,2.99,2015,0
1979,342620,0,1157,10,9.99,2015,2
1980,342740,0,1862,6,2.99,2015,2
1981,342970,4,1618,10,3.99,2016,2
1982,342980,0,591,10,0.0,2015,0
1983,343000,1,2265,10,4.99,2001,2
1984,343270,1,618,10,0.99,2013,2
1985,343360,4,1586,10,0.99,2015,1
1986,343710,1,1185,10,19.99,2015,0
1987,343750,7,837,10,0.0,2015,0
1988,343780,4,365,10,6.99,2015,2
1989,344040,1,2505,10,3.99,2015,1
1990,344630,1,1670,10,34.99,2015,2
1991,344740,0,489,10,14.99,2017,0
1992,344760,0,1749,6,19.99,2015,0
1993,344770,7,811,10,14.99,2015,2
1994,344820,7,865,10,9.99,2015,2
1995,344850,7,233,10,24.99,2015,2
1996,344860,1,494,10,2.99,2015,2
1997,345180,0,2490,10,19.99,2015,2
1998,345200,0,2164,10,5.99,2015,2
1999,345350,10,1261,10,19.99,2015,2
2000,345390,1,1203,10,24.99,2015,2
2001,345440,0,2475,10,9.99,2015,0
2002,345580,0,2457,10,9.99,2015,0
2003,345610,1,2229,10,39.99,2015,2
2004,345650,6,2561,10,0.0,2015,0
2005,345820,0,1914,10,19.99,2015,2
2006,346010,7,225,10,7.99,2015,2
2007,346110,0,138,10,59.99,2017,2
2008,346120,0,289,6,0.0,2014,2
2009,346180,0,527,10,1.99,2014,2
2010,346250,1,2271,10,0.0,2012,2
2011,346330,0,294,10,0.0,2016,1
2012,346370,0,1142,6,0.0,2015,0
2013,346560,1,1045,10,7.99,2015,2
2014,346610,7,1710,10,19.99,2016,0
2015,346900,4,54,10,0.0,2015,0
2016,346940,1,1910,10,19.99,2015,2
2017,347560,1,2175,10,0.99,2015,2
2018,347610,4,1057,10,7.99,2014,2
2019,347620,1,915,10,9.99,2015,1
2020,347670,0,1182,10,9.99,2015,0
2021,347830,10,787,10,29.99,2015,2
2022,348290,11,1076,10,4.99,2014,2
2023,348340,4,1940,10,1.99,2015,0
2024,348380,1,2239,10,1.99,2015,0
2025,348460,0,231,10,4.99,2016,1
2026,348470,0,1863,10,49.99,2015,2
2027,348490,0,230,10,9.99,2015,2
2028,348620,1,2500,10,4.99,2014,2
2029,348670,0,1117,6,0.99,2015,2
2030,348710,0,1852,10,49.99,2015,2
2031,349040,0,1455,10,29.99,2016,1
2032,349100,0,1499,10,1.99,2003,0
2033,349220,1,2194,10,9.99,2015,2
2034,349480,0,1403,6,0.0,2008,2
2035,349580,0,318,6,0.0,2015,1
2036,349650,1,2354,10,4.99,2013,0
2037,349700,0,1820,6,0.0,2015,1
2038,349720,4,170,10,0.0,2007,0
2039,349740,1,1919,10,2.99,2015,1
2040,350080,0,2566,10,19.99,2015,2
2041,350150,0,1879,10,14.99,2015,0
2042,350220,0,549,10,4.99,2015,1
2043,350310,0,258,10,59.99,2015,0
2044,350600,0,237,10,14.99,2016,2
2045,350810,0,1615,10,9.99,2015,2
2046,350970,0,1623,10,9.99,2015,0
2047,351050,11,473,10,9.99,2015,1
2048,351090,4,1748,10,9.99,2015,2
2049,351140,0,1839,6,0.0,2015,2
2050,351290,0,2140,6,4.99,2015,0
2051,351510,4,1704,6,9.99,2015,2
2052,351640,0,746,10,0.0,2015,2
2053,351700,7,2463,10,10.99,2016,2
2054,351710,10,1098,10,29.99,2015,2
2055,351730,1,1527,10,4.99,2016,2
2056,351790,1,1146,10,23.96,2015,2
2057,351800,1,600,10,0.0,2015,1
2058,351900,7,1661,10,1.99,2015,2
2059,351970,10,2160,10,49.99,2015,2
2060,351990,4,1781,10,9.99,2016,2
2061,352010,1,217,10,7.99,2015,2
2062,352130,7,1272,10,4.99,2003,2
2063,352190,13,2021,10,9.99,2015,2
2064,352400,0,1241,10,19.99,2015,2
2065,352460,0,544,6,14.99,2015,2
2066,352520,1,2290,10,9.99,2015,2
2067,352700,0,2107,7,0.0,2015,2
2068,352950,0,226,10,14.99,2016,2
2069,352960,0,2041,10,4.99,2015,2
2070,353090,0,382,10,4.99,2015,2
2071,353130,0,2338,6,0.0,2016,2
2072,353270,10,1099,10,29.99,2015,1
2073,353330,7,1289,10,9.99,2015,2
2074,353360,6,1083,10,0.0,2014,2
2075,353560,1,1634,10,2.99,2015,2
2076,353640,4,2395,10,9.99,2015,2
2077,354140,0,845,10,7.99,2015,0
2078,354160,9,2588,10,39.99,2015,0
2079,354240,4,1633,10,4.99,2015,2
2080,354290,0,1290,10,0.0,2016,2
2081,354380,0,156,10,9.99,2015,0
2082,354400,0,2155,10,4.99,2016,2
2083,354430,0,2047,10,9.99,1994,2
2084,354640,6,2283,10,0.0,2010,2
2085,355150,1,971,10,1.99,2015,2
2086,355180,0,415,10,0.0,2017,0
2087,355250,0,2060,10,9.99,1994,0
2088,355840,0,2139,6,0.0,2015,0
2089,355950,13,68,10,9.99,2015,0
2090,356070,0,428,10,2.99,2015,2
2091,356310,0,1380,10,0.0,2015,2
2092,356380,1,1540,10,0.99,2015,2
2093,356500,0,2049,10,5.99,2001,0
2094,356510,0,1980,10,9.99,2015,1
2095,356520,1,1643,10,0.0,2015,2
2096,356570,0,1588,10,12.89,2015,2
2097,356670,0,2027,10,0.0,2015,2
2098,357030,0,768,10,14.99,2016,2
2099,357070,0,2434,10,0.99,2015,2
2100,357330,0,1997,10,14.99,2015,1
2101,357340,0,414,10,14.99,2016,2
2102,357480,4,890,10,0.0,2015,2
2103,357600,4,2456,10,1.99,2015,0
2104,357650,0,1677,10,4.99,2017,2
2105,357900,1,1324,10,0.99,2015,0
2106,358090,1,506,10,14.99,2015,2
2107,358130,1,2204,10,14.99,2016,1
2108,358250,0,455,10,4.99,1992,2
2109,358260,0,493,10,4.99,1991,2
2110,358290,0,1070,10,4.99,1994,2
2111,358340,0,2569,10,4.99,1992,2
2112,358960,0,343,10,2.99,2015,2
2113,359040,1,2264,10,4.99,2015,2
2114,359050,0,1930,10,0.99,2015,0
2115,359550,0,2360,10,14.99,2015,0
2116,359800,6,449,10,0.0,2014,1
2117,359870,10,827,10,29.99,2016,2
2118,360170,0,1085,10,14.99,2016,2
2119,360550,7,503,10,5.99,2015,0
2120,360640,4,5,10,2.99,2015,1
2121,360730,6,348,10,0.0,2015,2
2122,360740,0,649,10,2.99,2015,2
2123,360870,4,2441,10,0.0,2015,2
2124,360940,0,2261,6,9.99,2015,0
2125,361280,7,2426,10,9.99,2016,2
2126,361630,0,18,10,0.0,2015,2
2127,361800,7,2403,6,19.99,2017,2
2128,362410,1,51,10,9.99,2015,0
2129,362620,7,1981,10,13.99,2015,2
2130,362680,1,876,10,14.99,2015,2
2131,362810,0,819,10,4.99,2015,0
2132,362890,0,252,10,19.99,2015,2
2133,362930,9,918,10,4.99,2013,1
2134,363270,0,1505,10,7.99,2016,1
2135,363360,0,1141,10,14.99,2015,2
2136,363480,0,970,10,0.0,2015,2
2137,363490,0,745,10,0.99,2015,2
2138,363680,13,210,10,39.99,2016,0
2139,363890,5,1826,12,79.99,2015,2
2140,363970,1,408,10,0.0,2015,2
2141,364050,0,780,10,3.99,2017,2
2142,364360,0,2378,10,59.99,2016,0
2143,364390,1,648,10,10.99,2016,2
2144,364420,0,1814,10,9.99,2015,0
2145,364450,7,886,10,0.0,2015,2
2146,364510,0,2396,10,8.99,2015,2
2147,364690,0,2115,10,0.99,2015,0
2148,365300,0,2399,10,0.0,2016,2
2149,365450,7,1003,10,9.99,2015,1
2150,365590,0,2366,10,49.99,2016,2
2151,365660,0,1522,10,14.99,2015,2
2152,365810,0,857,10,15.99,2017,2
2153,365900,1,1611,10,4.99,2015,0
2154,366040,0,1114,10,4.99,2015,2
2155,366160,0,1080,6,0.0,2016,2
2156,366220,1,2590,10,29.99,2015,0
2157,366440,0,1870,6,0.0,2016,2
2158,366760,4,52,10,2.99,2016,2
2159,366890,0,2637,10,4.99,2015,0
2160,367010,1,2485,10,11.99,2016,2
2161,367030,4,1278,10,0.99,2015,0
2162,367120,4,1890,10,0.0,2015,2
2163,367240,0,175,10,9.99,2015,0
2164,367270,0,113,10,17.99,2015,1
2165,367300,0,1617,10,2.99,2015,2
2166,367340,0,852,10,9.99,2016,1
2167,367450,7,1640,10,11.99,2016,2
2168,367500,0,658,10,29.99,2016,1
2169,367570,0,1538,10,0.99,2015,2
2170,367580,4,1075,10,0.99,2015,0
2171,367670,14,446,2,2.99,2015,2
2172,367780,0,63,10,4.99,2015,2
2173,368230,7,1194,10,4.99,2015,0
2174,368340,10,481,10,19.99,2015,2
2175,368360,1,19,10,9.99,2015,2
2176,368500,0,152,10,39.99,2015,2
2177,368720,0,1952,10,9.99,2015,0
2178,368730,0,1491,10,14.99,2015,1
2179,368740,0,1506,10,14.99,2016,2
2180,368860,0,916,10,14.99,2016,2
2181,368990,0,590,10,0.99,2015,2
2182,369040,0,2607,10,9.99,2015,2
2183,369060,0,107,10,9.99,2015,2
2184,369070,0,1959,10,12.99,2016,0
2185,369290,1,75,10,9.99,2015,2
2186,369300,1,58,10,9.99,2015,2
2187,369400,4,1250,10,0.0,2015,2
2188,369580,4,1498,10,2.99,2015,2
2189,370020,0,2171,10,9.99,2015,2
2190,370040,7,1263,10,4.99,2015,2
2191,370150,4,1277,10,4.99,2015,2
2192,370190,0,1841,10,0.0,2015,2
2193,370240,12,1463,10,59.99,2015,2
2194,370280,1,1883,10,2.99,2016,2
2195,370360,7,2347,10,6.99,2015,2
2196,370480,0,1612,10,9.99,2015,2
2197,370780,1,810,10,9.99,2015,1
2198,371100,0,2536,10,9.99,2015,2
2199,371190,11,1326,10,4.99,2008,2
2200,371200,7,1004,10,14.99,2016,2
2201,371420,7,2168,10,4.99,2015,1
2202,371500,0,973,10,0.99,2015,1
2203,371660,0,803,10,49.99,2016,2
2204,372000,6,2404,5,0.0,2016,2
2205,372210,0,2026,10,2.99,2015,1
2206,372540,0,2258,10,0.0,2016,2
2207,372800,1,1828,6,0.0,2015,2
2208,373180,0,1215,10,2.99,2015,2
2209,373360,0,354,10,6.99,2015,2
2210,373390,1,443,10,9.99,2015,2
2211,373420,1,629,10,39.99,2015,2
2212,373770,7,1254,10,2.99,2016,2
2213,374040,0,1648,10,19.99,2017,2
2214,374090,0,2559,10,6.99,2007,1
2215,374320,0,516,10,59.99,2016,2
2216,374450,13,379,10,4.99,2015,2
2217,374670,0,722,10,0.0,2016,1
2218,374950,1,56,10,1.99,2015,0
2219,375030,0,1212,10,1.99,2015,1
2220,375040,0,562,10,3.99,2015,2
2221,375220,4,251,10,0.0,2015,1
2222,375460,1,7,10,2.99,2015,0
2223,375510,1,1479,10,0.99,2015,2
2224,375600,0,73,6,0.0,2015,2
2225,375820,4,1087,10,9.99,2015,2
2226,375910,11,119,10,39.99,2015,2
2227,375950,4,2498,10,0.0,2015,2
2228,376210,0,2240,6,19.99,2015,2
2229,376300,0,987,10,29.99,2015,2
2230,376560,1,232,10,6.99,2015,2
2231,376570,6,2554,7,0.0,2014,2
2232,376770,4,234,10,6.99,2015,2
2233,376870,1,1392,10,24.99,2015,2
2234,376920,0,2333,10,0.99,2015,2
2235,377140,0,1058,7,17.99,2016,2
2236,377160,10,793,10,29.99,2015,2
2237,377860,0,1432,10,19.99,2015,2
2238,378370,0,1494,10,0.0,2015,0
2239,378580,0,2465,10,14.99,2015,2
2240,378660,1,280,10,4.99,2015,1
2241,378720,7,2314,10,19.99,2015,2
2242,378850,0,904,10,1.99,2015,0
2243,378930,0,1600,10,5.99,2016,1
2244,379720,0,638,10,29.99,2016,1
2245,379980,1,1580,10,9.99,2016,2
2246,380580,0,2007,10,0.99,2012,0
2247,380600,6,840,10,0.0,2015,2
2248,380840,0,2169,6,0.0,2007,2
2249,380860,0,193,10,5.99,2017,2
2250,381120,1,1928,10,9.99,2016,2
2251,381560,4,739,10,0.0,2015,0
2252,381850,1,1440,10,4.99,2015,2
2253,381990,6,655,10,0.0,2010,0
2254,382050,0,737,10,4.99,2016,0
2255,382490,0,1752,10,0.0,2015,1
2256,382890,10,824,10,15.99,2015,2
2257,383120,1,726,10,19.99,2015,2
2258,383150,0,540,10,19.99,2016,0
2259,383180,0,541,10,19.99,2016,0
2260,383230,0,685,10,12.99,2016,2
2261,383270,1,1086,10,14.99,2016,2
2262,383580,0,853,10,1.99,2016,2
2263,383750,0,895,10,6.99,2015,0
2264,383790,0,2285,6,19.99,2016,2
2265,383870,1,838,10,19.99,2016,2
2266,383980,7,1795,10,14.99,2017,1
2267,384000,0,480,10,8.99,2015,2
2268,384110,0,1591,10,12.99,2015,0
2269,384150,0,2174,10,0.0,2015,2
2270,384180,6,1682,10,0.0,2016,2
2271,384190,0,43,10,19.99,2016,2
2272,384300,14,464,11,14.99,2015,2
2273,384310,1,539,10,14.99,2015,2
2274,384360,4,834,10,1.87,2015,2
2275,384490,0,1465,10,29.99,2016,2
2276,384500,0,2635,10,9.99,2016,2
2277,384630,1,178,10,14.99,2015,2
2278,384980,4,204,10,0.0,2015,2
2279,385240,11,2437,10,2.99,2016,0
2280,385260,6,1221,10,0.0,2014,2
2281,385270,0,1167,10,3.99,2015,2
2282,385330,1,2087,10,2.99,2015,2
2283,385530,6,2640,10,0.0,2015,2
2284,385710,0,1131,10,4.99,2015,2
2285,385730,11,2591,10,49.99,2016,2
2286,385760,12,1464,10,59.99,2016,2
2287,385770,0,2336,10,0.0,2015,2
2288,385830,0,314,10,2.99,2015,0
2289,385890,0,949,6,0.0,2015,2
2290,386070,13,1625,10,39.99,2015,2
2291,386180,0,482,6,0.0,2017,2
2292,386360,0,1965,6,0.0,2015,2
2293,386510,0,1695,10,2.99,2015,1
2294,386880,0,1721,10,4.99,2015,0
2295,386940,0,2438,6,14.99,2016,1
2296,387240,0,2075,10,9.99,2015,2
2297,387290,0,1548,10,19.99,2016,2
2298,387340,0,1100,10,29.99,2016,2
2299,387370,7,1982,10,3.99,2016,2
2300,387860,1,2295,10,0.0,2015,2
2301,387970,0,413,10,0.0,2015,0
2302,387990,0,1878,10,19.99,2016,1
2303,388080,14,287,10,3.99,2015,2
2304,388090,0,846,10,7.99,2015,2
2305,388120,1,2008,10,7.99,2016,0
2306,388210,1,531,10,14.99,2016,1
2307,388410,0,523,10,29.99,2015,1
2308,388880,1,1568,10,19.99,2016,2
2309,389170,1,32,10,15.99,2016,0
2310,389220,0,1351,10,6.99,2017,2
2311,389430,0,1207,10,0.0,2016,0
2312,389510,0,2549,10,3.99,2016,2
2313,389570,6,1402,6,0.0,2015,2
2314,389870,1,1428,11,19.99,2015,0
2315,390290,1,310,10,8.99,2015,2
2316,390340,0,2445,10,29.99,2016,1
2317,390520,0,1601,10,7.99,2015,2
2318,390670,6,2074,6,0.0,2015,0
2319,390730,0,1993,10,8.99,2016,1
2320,391040,9,777,10,59.99,2016,2
2321,391070,0,2078,10,0.99,2015,1
2322,391260,0,1218,10,2.99,2015,2
2323,391270,1,833,10,0.0,2014,2
2324,391460,0,2534,6,0.0,2015,2
2325,391540,7,2450,10,9.99,2015,2
2326,391720,1,1225,10,19.99,2016,2
2327,391730,0,467,10,14.99,2016,2
2328,392450,1,1946,10,0.0,2015,2
2329,393380,0,2035,6,39.99,2015,2
2330,393410,0,2574,6,0.0,2015,2
2331,393420,0,1093,6,24.99,2015,0
2332,393530,1,1134,10,0.0,2016,1
2333,393980,4,1662,10,4.99,2015,2
2334,394120,4,165,6,0.0,2017,1
2335,394230,0,208,10,0.0,2016,1
2336,394310,7,1689,10,9.99,2016,2
2337,394360,11,1034,10,39.99,2016,0
2338,394380,0,215,6,0.0,2016,2
2339,394510,0,1042,10,19.99,2015,2
2340,394690,0,2381,10,14.99,2016,0
2341,395140,0,1397,10,7.99,2015,1
2342,395200,0,224,10,9.99,2015,2
2343,395520,1,1401,10,0.0,2015,2
2344,395910,1,934,10,2.99,2010,1
2345,396260,0,2576,10,2.99,2016,1
2346,396480,0,216,10,9.99,2016,2
2347,396650,0,45,10,19.99,2016,2
2348,397040,0,2018,6,0.0,2015,2
2349,397060,6,784,10,0.0,2017,2
2350,397100,6,1302,10,0.0,2016,1
2351,397340,7,1948,10,12.99,2015,2
2352,397430,1,2638,10,9.99,2015,2
2353,397500,0,1219,10,2.99,2015,1
2354,397550,0,598,10,0.0,2015,2
2355,397570,0,1925,10,1.99,2015,0
2356,397680,0,835,10,0.0,2015,0
2357,397690,0,1101,10,4.99,2015,2
2358,397980,0,1144,10,1.99,2015,1
2359,398070,0,1684,10,0.99,2016,2
2360,398100,4,1059,10,9.99,2015,2
2361,398710,0,2335,10,0.99,2015,2
2362,398840,0,2511,10,0.0,2015,2
2363,399430,4,2341,10,0.99,2015,1
2364,399790,1,592,10,2.99,2015,2
2365,400110,1,719,10,24.99,2015,2
2366,400240,1,2208,10,0.99,2015,1
2367,400250,1,1035,10,0.99,2015,2
2368,400790,0,2244,10,0.99,2012,0
2369,400800,9,1436,10,39.99,2016,2
2370,400910,0,1708,10,17.99,2016,2
2371,401190,0,614,10,0.99,2015,2
2372,401810,0,1635,10,14.99,2017,2
2373,402020,1,2273,10,12.99,2015,0
2374,402570,6,164,6,0.0,2016,2
2375,402620,1,1189,10,34.99,2016,2
2376,402630,1,2202,10,0.0,2015,2
2377,402840,4,485,10,0.0,2015,2
2378,403180,1,660,10,4.99,2015,1
2379,403190,7,1626,10,19.99,2015,2
2380,403570,1,2082,10,3.99,2015,2
2381,403690,0,416,7,0.0,2016,0
2382,403700,0,2627,10,4.99,2015,2
2383,403740,4,900,10,0.99,2015,1
2384,403860,0,90,10,0.99,2015,2
2385,403900,0,407,10,0.99,2015,0
2386,404080,1,1429,10,0.99,2015,2
2387,404410,0,729,10,0.0,2015,2
2388,404480,1,1873,10,0.0,2015,2
2389,405010,0,250,10,4.99,2015,1
2390,405310,0,1242,10,19.99,2016,2
2391,405640,7,1641,10,4.99,2016,2
2392,405820,0,2428,10,19.99,1997,2
2393,406080,4,125,10,2.99,2015,0
2394,406150,1,1747,10,2.99,2015,2
2395,406310,4,2085,6,4.99,2016,2
2396,407120,6,1979,10,0.0,2015,2
2397,407230,0,1233,10,2.99,2015,2
2398,407420,0,899,10,3.0,2015,2
2399,407510,0,605,6,0.0,2015,2
2400,407530,0,139,6,59.99,2017,2
2401,407600,0,1720,10,9.99,2015,2
2402,407840,0,985,10,0.99,2015,1
2403,407900,0,1671,10,0.0,2014,2
2404,408120,7,394,10,8.99,2015,1
2405,408740,4,1674,10,9.99,2016,1
2406,408900,0,2454,10,14.99,2016,2
2407,408990,7,2334,10,12.99,2015,2
2408,409000,10,1443,10,9.99,2016,0
2409,409160,6,650,10,0.0,2015,2
2410,409170,7,442,10,2.99,2016,2
2411,409440,1,1967,10,7.99,2016,2
2412,409450,7,2221,10,19.99,2015,2
2413,409490,0,1810,10,4.99,2015,2
2414,409510,0,929,6,0.0,2015,0
2415,409590,0,1196,10,9.99,2015,0
2416,409660,0,116,10,9.99,2016,0
2417,409670,0,1608,10,0.0,2015,2
2418,409710,0,241,10,19.99,2016,2
2419,410210,7,105,10,0.99,2015,0
2420,410320,0,702,10,49.99,2016,2
2421,410340,7,1260,10,19.99,2015,2
2422,410670,0,2109,10,0.99,2016,2
2423,410820,0,2069,10,11.99,2016,2
2424,411080,0,1931,10,1.99,2016,2
2425,411370,0,1363,10,24.99,2016,2
2426,411560,4,1772,10,0.99,2015,2
2427,411570,7,2633,10,7.99,2011,0
2428,411830,0,1891,10,29.99,2016,2
2429,411960,0,2431,10,14.99,2016,2
2430,412140,1,715,10,0.0,2015,2
2431,412400,0,922,10,0.0,2015,2
2432,412450,0,2193,6,19.99,2016,1
2433,412470,0,1381,6,0.0,2015,2
2434,412730,1,534,10,4.99,2015,1
2435,412830,1,2077,10,34.99,2016,2
2436,412880,0,665,10,4.99,2015,2
2437,412940,1,185,10,0.0,2015,2
2438,413150,7,2063,10,14.99,2016,2
2439,413170,0,1374,10,0.0,2016,2
2440,413410,1,510,10,19.99,2016,2
2441,413420,1,509,10,19.99,2016,2
2442,414080,1,1257,10,8.99,2015,2
2443,414190,0,1175,10,14.99,2016,2
2444,415030,0,1530,10,4.99,2015,2
2445,415080,4,505,10,4.99,2016,2
2446,415420,0,1503,10,2.99,2015,1
2447,415480,10,1096,10,29.99,2016,0
2448,415740,0,1525,10,9.99,2016,2
2449,416130,0,2589,10,0.0,2015,2
2450,416210,7,264,10,14.99,2017,0
2451,416450,6,725,6,0.0,2016,2
2452,416550,0,1830,10,0.99,2015,1
2453,416640,7,607,10,5.99,2015,2
2454,416670,6,996,6,0.0,2015,2
2455,416760,1,1592,10,4.99,2015,2
2456,417750,0,1230,10,6.99,2016,2
2457,417860,1,723,10,0.0,2015,1
2458,417990,1,1322,10,19.99,2016,2
2459,418070,4,2425,10,0.99,2015,2
2460,418300,0,2548,10,5.99,2015,2
2461,418340,0,1842,10,19.99,2016,2
2462,418910,7,1111,10,4.99,2015,2
2463,419460,1,2183,10,9.99,2016,2
2464,420740,1,2207,10,0.99,2015,2
2465,420930,1,387,10,14.99,2016,0
2466,421040,4,1628,10,2.99,2016,2
2467,421630,7,35,10,3.99,2015,2
2468,421670,6,502,10,0.0,2016,2
2469,422420,4,948,10,14.99,2016,2
2470,422970,0,601,10,4.99,2016,2
2471,423120,7,433,10,3.99,2015,2
2472,423230,0,896,10,19.99,2016,0
2473,423320,7,1596,10,3.99,2015,0
2474,423580,11,1678,10,19.99,2016,2
2475,423700,4,131,10,6.99,2016,2
2476,423880,4,352,10,0.0,2015,2
2477,424280,0,1151,10,0.0,2016,1
2478,424370,0,2563,10,19.99,2016,2
2479,425220,0,1531,10,49.99,2016,2
2480,426000,7,1090,10,6.99,2016,2
2481,427100,11,814,10,34.99,2016,2
2482,427190,0,547,10,19.99,2016,2
2483,427250,7,21,10,14.99,2016,2
2484,427270,0,1544,10,0.0,2017,2
2485,427520,4,782,10,20.0,2016,2
2486,427730,0,2547,6,4.99,2015,2
2487,427810,7,326,10,6.99,2016,0
2488,427950,0,2309,10,9.99,2015,2
2489,427980,1,128,10,4.99,2016,2
2490,428220,0,2427,10,14.99,2016,2
2491,428550,0,1404,10,9.99,2016,0
2492,428690,7,2616,10,24.99,2016,2
2493,428880,1,2276,10,9.99,2016,2
2494,428900,0,1265,10,1.99,2016,2
2495,428950,0,1205,10,0.99,2016,0
2496,429050,0,812,10,14.99,2016,0
2497,429300,4,1892,10,0.0,2016,2
2498,429490,0,1767,10,5.99,2015,0
2499,429570,1,2303,10,14.99,2016,1
2500,429680,6,2016,10,0.0,2016,2
2501,429700,0,2037,10,4.99,2016,2
2502,429720,1,1121,10,3.99,2016,2
2503,430440,0,1517,6,0.0,2016,2
2504,431240,4,950,10,5.99,2016,2
2505,431360,0,2253,10,0.0,2016,2
2506,431500,0,406,10,0.0,2016,2
2507,431510,1,1444,10,0.0,2016,2
2508,431560,0,1025,10,2.99,2016,2
2509,431770,4,1794,4,2.99,2016,1
2510,431840,1,16,10,0.99,2016,2
2511,432020,11,2545,10,0.99,2016,2
2512,433340,0,1964,10,19.99,2017,2
2513,433530,0,1040,10,19.99,2017,1
2514,433850,0,999,6,19.99,2016,0
2515,433950,0,243,10,0.99,2016,2
2516,434020,1,1224,10,8.99,2016,1
2517,434250,0,1338,10,0.99,2016,2
2518,434260,4,1439,10,0.99,2016,2
2519,434370,1,315,10,2.99,2016,2
2520,434420,0,2200,10,1.99,2016,2
2521,434570,0,268,10,0.99,2016,1
2522,434620,4,1696,10,1.99,2016,2
2523,434730,0,1005,10,1.99,2016,0
2524,434780,0,2278,10,0.99,2016,1
2525,435030,1,1285,10,0.0,2016,2
2526,435120,1,1840,10,1.99,2016,0
2527,435530,0,2223,10,14.99,2016,2
2528,436110,0,1359,10,0.0,2016,0
2529,436150,4,956,6,0.0,2016,2
2530,436470,0,913,10,4.99,2016,2
2531,436500,1,608,10,9.99,2016,2
2532,438080,0,2137,10,1.99,2016,2
2533,438270,1,1227,10,6.99,2016,2
2534,438640,0,1245,10,29.99,2016,2
2535,438680,4,1534,10,0.0,2016,2
2536,438790,0,1723,7,2.99,2016,0
2537,438920,13,1235,10,0.0,2016,2
2538,439940,4,1293,10,0.0,2016,2
2539,441050,4,1638,10,2.99,2016,1
2540,441790,0,875,10,9.99,2017,2
2541,441830,10,1105,10,39.99,2016,2
2542,441870,4,1557,10,2.99,2016,2
2543,442080,1,1779,10,0.0,2016,2
2544,443580,4,126,10,0.0,2016,2
2545,443810,1,2328,10,14.99,2016,2
2546,444000,7,2121,10,7.99,2016,0
2547,444090,0,1577,6,0.0,2016,0
2548,444190,0,1669,10,7.99,2016,2
2549,444250,4,483,10,0.0,2017,1
2550,444640,0,278,1,0.0,2016,2
2551,444880,0,560,6,2.99,2016,2
2552,445130,4,2186,10,0.0,2016,2
2553,445750,1,1902,10,0.99,2016,2
2554,446020,1,1162,10,14.99,2016,2
2555,446120,0,313,10,14.99,2016,2
2556,446380,4,1992,10,4.99,2016,0
2557,446470,11,1480,10,4.99,2016,1
2558,448370,0,1155,10,5.99,2016,2
2559,448510,0,1563,10,16.99,2016,2
2560,448530,7,2036,10,3.99,2016,2
2561,449020,6,2195,10,0.0,2016,2
2562,449040,6,1166,10,0.0,2016,1
2563,449050,4,1804,10,0.0,2016,1
2564,449140,6,1156,10,0.0,2016,1
2565,449470,1,167,10,0.0,2016,2
2566,449540,4,2318,10,0.99,2016,2
2567,449550,0,381,10,3.99,2016,1
2568,449680,0,1861,10,0.99,2016,0
2569,449940,0,0,10,3.99,2016,2
2570,451000,0,721,10,3.99,2016,2
2571,454070,7,292,10,0.0,2016,0
2572,454320,7,2282,10,1.99,2016,2
2573,454890,0,1680,10,0.99,2016,0
2574,455490,1,636,10,2.99,2016,1
2575,455910,0,2057,10,9.99,1998,2
2576,457520,0,1424,10,1.99,2016,2
2577,458000,1,1332,10,14.99,2016,2
2578,458830,7,1977,10,4.99,2016,2
2579,459820,4,486,10,0.0,2016,2
2580,459910,0,11,10,3.99,2016,0
2581,460120,10,1360,10,39.99,2016,2
2582,461400,0,1341,10,2.99,2016,2
2583,461560,1,1327,10,0.0,2016,2
2584,461680,6,872,10,0.0,2016,2
2585,461880,4,1102,10,2.99,2016,2
2586,462930,4,55,10,0.0,2016,0
2587,463110,1,807,10,0.99,2016,2
2588,463210,0,2071,10,0.99,2016,0
2589,463390,4,1533,10,0.0,2016,2
2590,463550,0,1472,10,2.99,2016,1
2591,464780,1,393,10,0.0,2016,2
2592,466910,4,2577,6,0.0,2016,0
2593,467820,0,2625,7,5.99,2016,2
2594,467900,0,2149,10,14.99,2016,2
2595,468560,1,261,6,0.0,2016,0
2596,472060,6,1550,10,0.0,2016,2
2597,473460,1,1367,10,9.99,2016,1
2598,474010,1,2266,10,0.0,2016,2
2599,474030,1,2184,10,0.0,2016,2
2600,474750,1,1751,10,2.99,2016,2
2601,475490,1,1323,10,19.99,2016,0
2602,476460,4,1604,10,0.0,2016,2
2603,477160,1,1088,10,14.99,2016,2
2604,477310,7,1999,10,0.99,2016,2
2605,479260,0,504,10,2.99,2016,1
2606,482920,1,1047,10,0.0,2016,0
2607,485380,7,2542,10,4.99,2016,0
2608,485800,4,1832,10,0.0,2016,2
2609,485890,11,2110,10,0.99,2016,1
2610,487220,4,882,10,0.99,2016,2
2611,488280,4,989,10,0.99,2016,0
2612,488660,4,1179,10,9.99,2016,1
2613,489220,1,2453,10,0.99,2016,2
2614,491130,6,1745,10,0.0,2016,2
2615,491260,0,2157,10,1.99,2016,1
2616,493370,1,1717,10,0.0,2016,2
2617,494470,1,1437,10,9.99,2016,1
2618,495890,4,1410,10,0.99,2016,0
2619,495910,0,680,7,0.0,2016,2
2620,496300,7,1195,10,14.99,2016,2
2621,496890,1,1756,10,2.99,2016,1
2622,497180,9,2091,10,4.99,2016,2
2623,497850,7,22,10,14.99,2016,2
2624,498240,1,197,10,24.99,2016,2
2625,498580,0,149,10,0.99,2016,2
2626,499100,1,513,10,9.99,2016,2
2627,499440,4,1206,10,0.99,2016,2
2628,501760,0,877,10,0.99,2016,0
2629,502550,0,2098,10,0.0,2016,1
2630,504490,0,2230,10,7.99,2016,2
2631,506140,4,1927,10,0.0,2016,2
2632,510050,6,2612,10,0.0,2016,1
2633,512300,0,2446,10,19.99,2016,1
2634,514520,7,2010,10,0.99,2016,2
2635,516040,7,760,10,3.99,2016,2
2636,521340,4,2421,10,0.99,2016,2
2637,521430,7,2124,10,1.99,2016,2
2638,521570,4,2613,10,0.0,2016,0
2639,521990,0,903,10,2.99,2016,2
2640,527340,0,2544,7,4.99,2016,1
